space_id,dataset_id,subject_id,freq,data_time,series_tag,open,high,low,close,volume,amount
stock_cn,stock_cn_kline,bj920000,1d,2026-07-02T15:00:00+08:00,,11.59,12.02,11.53,11.73,856824.0,10132700.83
stock_cn,stock_cn_kline,bj920000,1d,2026-07-03T15:00:00+08:00,,11.69,12.12,11.69,12.03,1118021.0,13401303.91
stock_cn,stock_cn_kline,bj920000,1d,2026-07-06T15:00:00+08:00,,11.95,12.08,11.53,11.67,706308.0,8302513.93
stock_cn,stock_cn_kline,bj920000,1d,2026-07-07T15:00:00+08:00,,11.68,11.93,11.3,11.33,422839.0,4880365.56
stock_cn,stock_cn_kline,bj920000,1d,2026-07-08T15:00:00+08:00,,11.49,11.69,11.16,11.22,327313.0,3687043.52
stock_cn,stock_cn_kline,bj920000,1d,2026-07-09T15:00:00+08:00,,11.16,11.41,10.75,11.25,716199.0,7923505.75
stock_cn,stock_cn_kline,bj920000,1d,2026-07-10T15:00:00+08:00,,11.25,11.75,10.92,11.65,949988.0,10960411.49
stock_cn,stock_cn_kline,bj920000,1d,2026-07-13T15:00:00+08:00,,11.6,11.76,11.2,11.38,540910.0,6211755.51
stock_cn,stock_cn_kline,bj920000,1d,2026-07-14T15:00:00+08:00,,11.38,11.53,11.15,11.42,324482.0,3685483.91
stock_cn,stock_cn_kline,bj920000,1d,2026-07-15T15:00:00+08:00,,11.48,11.91,11.27,11.62,817955.0,9565904.5
stock_cn,stock_cn_kline,bj920000,1d,2026-07-16T15:00:00+08:00,,11.61,11.88,11.38,11.85,503089.0,5900445.09
stock_cn,stock_cn_kline,bj920055,1d,2026-07-02T15:00:00+08:00,,27.92,28.79,27.51,28.13,515121.0,14611774.07
stock_cn,stock_cn_kline,bj920055,1d,2026-07-03T15:00:00+08:00,,28.33,29.39,27.88,29.18,843921.0,24402729.18
stock_cn,stock_cn_kline,bj920055,1d,2026-07-06T15:00:00+08:00,,29.46,29.46,28.34,28.51,414799.0,11928591.47
stock_cn,stock_cn_kline,bj920055,1d,2026-07-07T15:00:00+08:00,,28.35,28.72,27.53,27.6,323557.0,9073922.96
stock_cn,stock_cn_kline,bj920055,1d,2026-07-08T15:00:00+08:00,,27.55,27.61,27.02,27.05,377952.0,10293253.85
stock_cn,stock_cn_kline,bj920055,1d,2026-07-09T15:00:00+08:00,,27.05,27.39,26.41,26.68,404459.0,10838475.51
stock_cn,stock_cn_kline,bj920055,1d,2026-07-10T15:00:00+08:00,,26.65,27.43,26.57,27.28,277385.0,7514384.42
stock_cn,stock_cn_kline,bj920055,1d,2026-07-13T15:00:00+08:00,,27.05,27.25,25.92,25.99,422138.0,11105406.61
stock_cn,stock_cn_kline,bj920055,1d,2026-07-14T15:00:00+08:00,,26.25,26.54,25.88,26.48,265677.0,6944353.15
stock_cn,stock_cn_kline,bj920055,1d,2026-07-15T15:00:00+08:00,,26.35,26.88,26.31,26.68,263837.0,7033333.42
stock_cn,stock_cn_kline,bj920055,1d,2026-07-16T15:00:00+08:00,,26.79,26.88,26.33,26.73,246740.0,6575838.19
stock_cn,stock_cn_kline,bj920116,1d,2026-07-02T15:00:00+08:00,,64.99,67.83,64.13,66.1,4012874.0,266937339.95
stock_cn,stock_cn_kline,bj920116,1d,2026-07-03T15:00:00+08:00,,66.42,70.5,65.88,69.58,4841780.0,334620513.28
stock_cn,stock_cn_kline,bj920116,1d,2026-07-06T15:00:00+08:00,,70.38,70.74,64.2,64.3,4527592.0,302428669.83
stock_cn,stock_cn_kline,bj920116,1d,2026-07-07T15:00:00+08:00,,64.03,66.53,64.03,64.86,2535124.0,165139126.96
stock_cn,stock_cn_kline,bj920116,1d,2026-07-08T15:00:00+08:00,,64.3,65.63,62.61,62.98,2421499.0,154782799.59
stock_cn,stock_cn_kline,bj920116,1d,2026-07-09T15:00:00+08:00,,62.88,65.69,62.64,65.64,2836720.0,182759849.15
stock_cn,stock_cn_kline,bj920116,1d,2026-07-10T15:00:00+08:00,,66.56,77.6,64.6,71.58,11382932.0,830412762.02
stock_cn,stock_cn_kline,bj920116,1d,2026-07-13T15:00:00+08:00,,69.0,70.77,64.2,64.64,7723580.0,512511395.75
stock_cn,stock_cn_kline,bj920116,1d,2026-07-14T15:00:00+08:00,,64.02,64.94,56.48,58.18,5835490.0,345746874.47
stock_cn,stock_cn_kline,bj920116,1d,2026-07-15T15:00:00+08:00,,55.14,55.85,49.95,49.99,7514097.0,397706095.52
stock_cn,stock_cn_kline,bj920116,1d,2026-07-16T15:00:00+08:00,,48.99,50.39,47.68,48.28,3448502.0,167999865.56
stock_cn,stock_cn_kline,bj920184,1d,2026-07-02T15:00:00+08:00,,12.22,12.67,11.73,11.78,3626807.0,44323064.11
stock_cn,stock_cn_kline,bj920184,1d,2026-07-03T15:00:00+08:00,,11.8,12.11,11.76,12.01,2561901.0,30588893.56
stock_cn,stock_cn_kline,bj920184,1d,2026-07-06T15:00:00+08:00,,12.01,12.29,11.6,11.7,2081245.0,24654493.25
stock_cn,stock_cn_kline,bj920184,1d,2026-07-07T15:00:00+08:00,,11.89,11.89,11.3,11.4,1509674.0,17456283.9
stock_cn,stock_cn_kline,bj920184,1d,2026-07-08T15:00:00+08:00,,11.59,11.59,10.97,11.11,1994293.0,22504750.04
stock_cn,stock_cn_kline,bj920184,1d,2026-07-09T15:00:00+08:00,,11.03,11.26,10.6,11.17,2602194.0,28307758.75
stock_cn,stock_cn_kline,bj920184,1d,2026-07-10T15:00:00+08:00,,11.1,11.63,10.73,11.37,2399176.0,27143664.99
stock_cn,stock_cn_kline,bj920184,1d,2026-07-13T15:00:00+08:00,,11.29,11.4,10.8,10.95,1491404.0,16437944.29
stock_cn,stock_cn_kline,bj920184,1d,2026-07-14T15:00:00+08:00,,10.95,11.16,10.54,11.09,1302282.0,14160002.49
stock_cn,stock_cn_kline,bj920184,1d,2026-07-15T15:00:00+08:00,,11.19,11.39,10.92,11.22,2021721.0,22694664.06
stock_cn,stock_cn_kline,bj920184,1d,2026-07-16T15:00:00+08:00,,11.01,11.32,10.83,11.12,1686040.0,18723900.49
stock_cn,stock_cn_kline,bj920263,1d,2026-07-02T15:00:00+08:00,,7.27,7.36,7.17,7.3,1404148.0,10228849.45
stock_cn,stock_cn_kline,bj920263,1d,2026-07-03T15:00:00+08:00,,7.28,7.41,7.15,7.41,1347256.0,9853731.48
stock_cn,stock_cn_kline,bj920263,1d,2026-07-06T15:00:00+08:00,,7.32,7.36,7.07,7.1,1158417.0,8343813.02
stock_cn,stock_cn_kline,bj920263,1d,2026-07-07T15:00:00+08:00,,7.1,7.19,6.9,6.98,762169.0,5368754.27
stock_cn,stock_cn_kline,bj920263,1d,2026-07-08T15:00:00+08:00,,6.96,7.03,6.8,6.82,882349.0,6083873.48
stock_cn,stock_cn_kline,bj920263,1d,2026-07-09T15:00:00+08:00,,6.82,6.89,6.47,6.69,798516.0,5314164.12
stock_cn,stock_cn_kline,bj920263,1d,2026-07-10T15:00:00+08:00,,6.71,7.24,6.59,7.19,1281833.0,9046250.5
stock_cn,stock_cn_kline,bj920263,1d,2026-07-13T15:00:00+08:00,,7.21,7.21,6.61,6.7,990358.0,6747535.89
stock_cn,stock_cn_kline,bj920263,1d,2026-07-14T15:00:00+08:00,,6.68,6.88,6.53,6.88,669551.0,4504049.63
stock_cn,stock_cn_kline,bj920263,1d,2026-07-15T15:00:00+08:00,,6.85,7.14,6.82,6.96,482756.0,3371369.64
stock_cn,stock_cn_kline,bj920263,1d,2026-07-16T15:00:00+08:00,,6.9,7.03,6.74,6.91,315657.0,2176540.48
stock_cn,stock_cn_kline,bj920415,1d,2026-07-02T15:00:00+08:00,,9.69,9.8,9.3,9.31,2744771.0,26208674.67
stock_cn,stock_cn_kline,bj920415,1d,2026-07-03T15:00:00+08:00,,9.37,9.5,9.3,9.47,1922762.0,18083751.02
stock_cn,stock_cn_kline,bj920415,1d,2026-07-06T15:00:00+08:00,,9.47,9.49,9.16,9.27,1715140.0,15942219.73
stock_cn,stock_cn_kline,bj920415,1d,2026-07-07T15:00:00+08:00,,9.29,9.3,8.96,9.03,1226355.0,11151464.26
stock_cn,stock_cn_kline,bj920415,1d,2026-07-08T15:00:00+08:00,,9.03,9.17,8.88,8.89,1505038.0,13548126.74
stock_cn,stock_cn_kline,bj920415,1d,2026-07-09T15:00:00+08:00,,9.0,9.0,8.39,8.72,2384547.0,20527309.14
stock_cn,stock_cn_kline,bj920415,1d,2026-07-10T15:00:00+08:00,,8.69,9.24,8.51,9.0,2913179.0,26009629.47
stock_cn,stock_cn_kline,bj920415,1d,2026-07-13T15:00:00+08:00,,9.01,9.03,8.4,8.45,1719533.0,14784557.41
stock_cn,stock_cn_kline,bj920415,1d,2026-07-14T15:00:00+08:00,,8.45,8.6,8.22,8.58,1241407.0,10508961.48
stock_cn,stock_cn_kline,bj920415,1d,2026-07-15T15:00:00+08:00,,8.63,8.79,8.44,8.56,1415772.0,12209486.52
stock_cn,stock_cn_kline,bj920415,1d,2026-07-16T15:00:00+08:00,,8.56,8.69,8.41,8.53,1238211.0,10603213.52
stock_cn,stock_cn_kline,bj920556,1d,2026-07-02T15:00:00+08:00,,7.19,7.19,6.87,6.9,1896555.0,13320758.58
stock_cn,stock_cn_kline,bj920556,1d,2026-07-03T15:00:00+08:00,,6.91,7.05,6.87,6.97,1350348.0,9413342.88
stock_cn,stock_cn_kline,bj920556,1d,2026-07-06T15:00:00+08:00,,6.94,7.02,6.73,6.79,1450792.0,9972122.42
stock_cn,stock_cn_kline,bj920556,1d,2026-07-07T15:00:00+08:00,,6.74,6.87,6.65,6.69,1331485.0,9003235.93
stock_cn,stock_cn_kline,bj920556,1d,2026-07-08T15:00:00+08:00,,6.71,6.72,6.53,6.53,954055.0,6321747.53
stock_cn,stock_cn_kline,bj920556,1d,2026-07-09T15:00:00+08:00,,6.56,6.62,6.3,6.54,1738590.0,11185022.58
stock_cn,stock_cn_kline,bj920556,1d,2026-07-10T15:00:00+08:00,,6.55,6.92,6.43,6.8,2796194.0,18904114.52
stock_cn,stock_cn_kline,bj920556,1d,2026-07-13T15:00:00+08:00,,6.82,6.85,6.42,6.46,2199180.0,14455214.36
stock_cn,stock_cn_kline,bj920556,1d,2026-07-14T15:00:00+08:00,,6.44,6.57,6.4,6.54,1118189.0,7279704.61
stock_cn,stock_cn_kline,bj920556,1d,2026-07-15T15:00:00+08:00,,6.57,6.75,6.54,6.57,1765777.0,11802394.51
stock_cn,stock_cn_kline,bj920556,1d,2026-07-16T15:00:00+08:00,,6.56,6.72,6.49,6.6,1650610.0,10959362.69
stock_cn,stock_cn_kline,bj920706,1d,2026-07-02T15:00:00+08:00,,16.6,17.11,16.21,16.29,1633906.0,27361843.52
stock_cn,stock_cn_kline,bj920706,1d,2026-07-03T15:00:00+08:00,,16.38,16.67,16.33,16.65,1383046.0,22865700.23
stock_cn,stock_cn_kline,bj920706,1d,2026-07-06T15:00:00+08:00,,16.81,17.09,15.98,16.05,1057520.0,17174387.39
stock_cn,stock_cn_kline,bj920706,1d,2026-07-07T15:00:00+08:00,,16.18,16.39,15.55,15.65,995773.0,15881387.07
stock_cn,stock_cn_kline,bj920706,1d,2026-07-08T15:00:00+08:00,,15.53,15.64,14.81,14.9,1360843.0,20649879.19
stock_cn,stock_cn_kline,bj920706,1d,2026-07-09T15:00:00+08:00,,15.14,15.14,14.35,14.79,1052574.0,15407928.98
stock_cn,stock_cn_kline,bj920706,1d,2026-07-10T15:00:00+08:00,,14.94,15.45,14.75,15.1,1320337.0,20013508.54
stock_cn,stock_cn_kline,bj920706,1d,2026-07-13T15:00:00+08:00,,15.25,15.25,14.03,14.07,1077519.0,15545453.07
stock_cn,stock_cn_kline,bj920706,1d,2026-07-14T15:00:00+08:00,,14.08,14.28,13.98,14.14,640883.0,9055630.23
stock_cn,stock_cn_kline,bj920706,1d,2026-07-15T15:00:00+08:00,,14.26,14.85,14.11,14.25,790168.0,11450348.2
stock_cn,stock_cn_kline,bj920706,1d,2026-07-16T15:00:00+08:00,,14.13,14.5,13.92,14.35,719611.0,10259923.41
stock_cn,stock_cn_kline,bj920855,1d,2026-07-02T15:00:00+08:00,,11.58,11.77,11.22,11.41,278369.0,3223688.17
stock_cn,stock_cn_kline,bj920855,1d,2026-07-03T15:00:00+08:00,,11.38,11.66,11.33,11.57,177555.0,2050044.53
stock_cn,stock_cn_kline,bj920855,1d,2026-07-06T15:00:00+08:00,,11.6,11.7,11.46,11.48,238229.0,2754006.56
stock_cn,stock_cn_kline,bj920855,1d,2026-07-07T15:00:00+08:00,,11.66,12.07,11.51,11.57,579066.0,6821507.66
stock_cn,stock_cn_kline,bj920855,1d,2026-07-08T15:00:00+08:00,,11.51,11.71,11.3,11.43,192860.0,2218658.25
stock_cn,stock_cn_kline,bj920855,1d,2026-07-09T15:00:00+08:00,,11.43,11.49,10.84,11.29,356108.0,3962664.74
stock_cn,stock_cn_kline,bj920855,1d,2026-07-10T15:00:00+08:00,,11.2,11.98,11.0,11.92,551796.0,6477670.73
stock_cn,stock_cn_kline,bj920855,1d,2026-07-13T15:00:00+08:00,,11.83,11.96,11.09,11.21,268524.0,3058303.76
stock_cn,stock_cn_kline,bj920855,1d,2026-07-14T15:00:00+08:00,,11.21,11.66,11.04,11.57,424120.0,4861178.21
stock_cn,stock_cn_kline,bj920855,1d,2026-07-15T15:00:00+08:00,,11.51,11.99,11.41,11.6,430365.0,5035160.14
stock_cn,stock_cn_kline,bj920855,1d,2026-07-16T15:00:00+08:00,,11.6,11.72,11.42,11.65,165065.0,1912552.51
stock_cn,stock_cn_kline,bj920992,1d,2026-07-02T15:00:00+08:00,,12.04,12.39,11.7,11.72,1047290.0,12638800.36
stock_cn,stock_cn_kline,bj920992,1d,2026-07-03T15:00:00+08:00,,11.79,12.09,11.7,11.95,803037.0,9534599.41
stock_cn,stock_cn_kline,bj920992,1d,2026-07-06T15:00:00+08:00,,11.96,12.19,11.71,11.72,822729.0,9799555.91
stock_cn,stock_cn_kline,bj920992,1d,2026-07-07T15:00:00+08:00,,11.68,11.85,11.5,11.51,747257.0,8711593.52
stock_cn,stock_cn_kline,bj920992,1d,2026-07-08T15:00:00+08:00,,11.43,11.55,11.13,11.14,653664.0,7427822.27
stock_cn,stock_cn_kline,bj920992,1d,2026-07-09T15:00:00+08:00,,11.2,11.53,10.92,11.27,880355.0,9879152.32
stock_cn,stock_cn_kline,bj920992,1d,2026-07-10T15:00:00+08:00,,11.28,12.06,10.98,12.03,2056698.0,24084525.92
stock_cn,stock_cn_kline,bj920992,1d,2026-07-13T15:00:00+08:00,,11.92,12.05,11.38,11.45,1081849.0,12514985.53
stock_cn,stock_cn_kline,bj920992,1d,2026-07-14T15:00:00+08:00,,11.41,11.85,11.27,11.75,1389906.0,16108760.43
stock_cn,stock_cn_kline,bj920992,1d,2026-07-15T15:00:00+08:00,,11.8,12.33,11.55,11.62,2172801.0,25976406.78
stock_cn,stock_cn_kline,bj920992,1d,2026-07-16T15:00:00+08:00,,11.5,11.95,11.4,11.78,1182867.0,13828321.89
stock_cn,stock_cn_kline,sh600000,1d,2026-07-02T15:00:00+08:00,,8.71,8.84,8.56,8.7,71137604.0,618574645.0
stock_cn,stock_cn_kline,sh600000,1d,2026-07-03T15:00:00+08:00,,8.69,8.82,8.59,8.69,69513349.0,604291542.0
stock_cn,stock_cn_kline,sh600000,1d,2026-07-06T15:00:00+08:00,,8.68,8.93,8.62,8.92,79376206.0,698878044.0
stock_cn,stock_cn_kline,sh600000,1d,2026-07-07T15:00:00+08:00,,8.89,8.97,8.78,8.89,51779460.0,458252574.0
stock_cn,stock_cn_kline,sh600000,1d,2026-07-08T15:00:00+08:00,,8.85,9.03,8.79,9.0,54468742.0,488055514.0
stock_cn,stock_cn_kline,sh600000,1d,2026-07-09T15:00:00+08:00,,8.97,9.01,8.87,8.98,49029732.0,438686946.0
stock_cn,stock_cn_kline,sh600000,1d,2026-07-10T15:00:00+08:00,,8.98,9.11,8.92,9.06,76502191.0,691188280.0
stock_cn,stock_cn_kline,sh600000,1d,2026-07-13T15:00:00+08:00,,9.04,9.21,9.01,9.19,75761962.0,693325381.0
stock_cn,stock_cn_kline,sh600000,1d,2026-07-14T15:00:00+08:00,,9.2,9.21,9.07,9.16,81396248.0,743787542.0
stock_cn,stock_cn_kline,sh600000,1d,2026-07-15T15:00:00+08:00,,9.08,9.32,9.06,9.31,104758150.0,966740068.0
stock_cn,stock_cn_kline,sh600000,1d,2026-07-16T15:00:00+08:00,,8.92,8.94,8.8,8.85,75582633.0,670458645.0
stock_cn,stock_cn_kline,sh600036,1d,2026-07-02T15:00:00+08:00,,36.28,36.8,36.13,36.6,94461448.0,3442082753.0
stock_cn,stock_cn_kline,sh600036,1d,2026-07-03T15:00:00+08:00,,36.67,37.06,36.35,36.83,85312390.0,3133647736.0
stock_cn,stock_cn_kline,sh600036,1d,2026-07-06T15:00:00+08:00,,36.7,37.76,36.52,37.73,97154407.0,3625395505.0
stock_cn,stock_cn_kline,sh600036,1d,2026-07-07T15:00:00+08:00,,37.72,37.86,37.3,37.55,65258740.0,2448739027.0
stock_cn,stock_cn_kline,sh600036,1d,2026-07-08T15:00:00+08:00,,37.36,37.97,37.15,37.94,76713452.0,2899053623.0
stock_cn,stock_cn_kline,sh600036,1d,2026-07-09T15:00:00+08:00,,37.7,37.81,37.37,37.55,76564557.0,2875450172.0
stock_cn,stock_cn_kline,sh600036,1d,2026-07-10T15:00:00+08:00,,36.61,36.92,36.33,36.88,79377153.0,2911440764.0
stock_cn,stock_cn_kline,sh600036,1d,2026-07-13T15:00:00+08:00,,36.81,37.4,36.71,37.25,93308476.0,3469591941.0
stock_cn,stock_cn_kline,sh600036,1d,2026-07-14T15:00:00+08:00,,37.1,37.24,36.82,37.18,80415432.0,2979122982.0
stock_cn,stock_cn_kline,sh600036,1d,2026-07-15T15:00:00+08:00,,37.0,37.96,36.75,37.76,115462595.0,4337619113.0
stock_cn,stock_cn_kline,sh600036,1d,2026-07-16T15:00:00+08:00,,37.7,38.12,37.5,37.67,76689870.0,2894610320.0
stock_cn,stock_cn_kline,sh600100,1d,2026-07-02T15:00:00+08:00,,6.98,7.0,6.76,6.78,29402800.0,201891521.0
stock_cn,stock_cn_kline,sh600100,1d,2026-07-03T15:00:00+08:00,,6.77,6.89,6.71,6.79,23393470.0,159095839.0
stock_cn,stock_cn_kline,sh600100,1d,2026-07-06T15:00:00+08:00,,6.79,6.84,6.67,6.8,22673903.0,152963358.0
stock_cn,stock_cn_kline,sh600100,1d,2026-07-07T15:00:00+08:00,,6.79,6.84,6.57,6.6,23662511.0,157552239.0
stock_cn,stock_cn_kline,sh600100,1d,2026-07-08T15:00:00+08:00,,6.58,6.87,6.58,6.8,37731068.0,256247445.0
stock_cn,stock_cn_kline,sh600100,1d,2026-07-09T15:00:00+08:00,,6.74,6.88,6.63,6.83,27437464.0,185339436.0
stock_cn,stock_cn_kline,sh600100,1d,2026-07-10T15:00:00+08:00,,6.79,7.08,6.74,6.96,39080248.0,272541300.0
stock_cn,stock_cn_kline,sh600100,1d,2026-07-13T15:00:00+08:00,,6.9,6.97,6.67,6.69,36219759.0,245239631.0
stock_cn,stock_cn_kline,sh600100,1d,2026-07-14T15:00:00+08:00,,6.71,6.77,6.5,6.74,31307011.0,207170391.0
stock_cn,stock_cn_kline,sh600100,1d,2026-07-15T15:00:00+08:00,,6.64,6.77,6.63,6.72,25589730.0,171477046.0
stock_cn,stock_cn_kline,sh600100,1d,2026-07-16T15:00:00+08:00,,6.68,6.79,6.63,6.67,28644050.0,192162546.0
stock_cn,stock_cn_kline,sh600188,1d,2026-07-02T15:00:00+08:00,,17.89,18.24,17.6,17.82,86848508.0,1552260022.0
stock_cn,stock_cn_kline,sh600188,1d,2026-07-03T15:00:00+08:00,,17.94,18.23,17.69,17.8,62943221.0,1129205232.0
stock_cn,stock_cn_kline,sh600188,1d,2026-07-06T15:00:00+08:00,,17.54,19.05,17.45,18.8,116642052.0,2146818024.0
stock_cn,stock_cn_kline,sh600188,1d,2026-07-07T15:00:00+08:00,,18.67,19.04,18.0,18.19,64757876.0,1186745870.0
stock_cn,stock_cn_kline,sh600188,1d,2026-07-08T15:00:00+08:00,,18.21,18.97,17.83,18.06,64996760.0,1199395159.0
stock_cn,stock_cn_kline,sh600188,1d,2026-07-09T15:00:00+08:00,,17.95,18.52,17.64,17.88,53623826.0,963268985.0
stock_cn,stock_cn_kline,sh600188,1d,2026-07-10T15:00:00+08:00,,17.44,18.31,17.31,18.16,58449361.0,1045921997.0
stock_cn,stock_cn_kline,sh600188,1d,2026-07-13T15:00:00+08:00,,18.2,18.48,17.66,17.97,48033663.0,861830858.0
stock_cn,stock_cn_kline,sh600188,1d,2026-07-14T15:00:00+08:00,,18.22,19.43,18.21,19.23,99020298.0,1868934846.0
stock_cn,stock_cn_kline,sh600188,1d,2026-07-15T15:00:00+08:00,,18.92,20.49,18.81,20.23,78180570.0,1535165380.0
stock_cn,stock_cn_kline,sh600188,1d,2026-07-16T15:00:00+08:00,,19.95,20.12,19.05,19.47,54939980.0,1072784769.0
stock_cn,stock_cn_kline,sh600285,1d,2026-07-02T15:00:00+08:00,,19.97,20.65,19.85,20.62,9000719.0,182768390.0
stock_cn,stock_cn_kline,sh600285,1d,2026-07-03T15:00:00+08:00,,20.55,20.88,20.48,20.73,6236863.0,128979269.0
stock_cn,stock_cn_kline,sh600285,1d,2026-07-06T15:00:00+08:00,,20.73,21.35,20.42,21.31,10507150.0,221425908.0
stock_cn,stock_cn_kline,sh600285,1d,2026-07-07T15:00:00+08:00,,21.2,21.59,20.83,21.45,10299875.0,219457972.0
stock_cn,stock_cn_kline,sh600285,1d,2026-07-08T15:00:00+08:00,,21.45,22.08,21.15,21.9,10547609.0,229765312.0
stock_cn,stock_cn_kline,sh600285,1d,2026-07-09T15:00:00+08:00,,21.69,22.18,21.68,21.79,8859932.0,194203906.0
stock_cn,stock_cn_kline,sh600285,1d,2026-07-10T15:00:00+08:00,,21.85,22.02,21.39,21.72,8968614.0,194676801.0
stock_cn,stock_cn_kline,sh600285,1d,2026-07-13T15:00:00+08:00,,21.99,22.99,21.86,22.66,20413111.0,460422642.0
stock_cn,stock_cn_kline,sh600285,1d,2026-07-14T15:00:00+08:00,,22.44,22.96,22.31,22.7,16214275.0,369013952.0
stock_cn,stock_cn_kline,sh600285,1d,2026-07-15T15:00:00+08:00,,22.66,23.0,22.32,22.92,16270496.0,369562441.0
stock_cn,stock_cn_kline,sh600285,1d,2026-07-16T15:00:00+08:00,,22.65,23.18,22.61,23.05,13838150.0,316899064.0
stock_cn,stock_cn_kline,sh600495,1d,2026-07-02T15:00:00+08:00,,3.51,3.6,3.51,3.55,7448584.0,26580773.0
stock_cn,stock_cn_kline,sh600495,1d,2026-07-03T15:00:00+08:00,,3.54,3.64,3.54,3.62,9975591.0,35991270.0
stock_cn,stock_cn_kline,sh600495,1d,2026-07-06T15:00:00+08:00,,3.65,3.65,3.54,3.55,9016306.0,32191200.0
stock_cn,stock_cn_kline,sh600495,1d,2026-07-07T15:00:00+08:00,,3.53,3.58,3.45,3.46,7229660.0,25199516.0
stock_cn,stock_cn_kline,sh600495,1d,2026-07-08T15:00:00+08:00,,3.45,3.5,3.4,3.48,6126129.0,21220536.0
stock_cn,stock_cn_kline,sh600495,1d,2026-07-09T15:00:00+08:00,,3.58,3.58,3.5,3.58,11823481.0,41803700.0
stock_cn,stock_cn_kline,sh600495,1d,2026-07-10T15:00:00+08:00,,3.55,3.68,3.49,3.64,15591858.0,56118170.0
stock_cn,stock_cn_kline,sh600495,1d,2026-07-13T15:00:00+08:00,,3.64,3.69,3.56,3.66,16584238.0,59913376.0
stock_cn,stock_cn_kline,sh600495,1d,2026-07-14T15:00:00+08:00,,3.64,3.68,3.57,3.64,12571543.0,45600213.0
stock_cn,stock_cn_kline,sh600495,1d,2026-07-15T15:00:00+08:00,,3.64,3.82,3.62,3.78,20619626.0,77280612.0
stock_cn,stock_cn_kline,sh600495,1d,2026-07-16T15:00:00+08:00,,3.75,3.82,3.74,3.76,10932055.0,41344665.0
stock_cn,stock_cn_kline,sh600519,1d,2026-07-02T15:00:00+08:00,,1193.01,1215.52,1190.51,1203.0,5087015.0,6122360932.0
stock_cn,stock_cn_kline,sh600519,1d,2026-07-03T15:00:00+08:00,,1205.24,1210.14,1185.0,1194.45,3426755.0,4099266243.0
stock_cn,stock_cn_kline,sh600519,1d,2026-07-06T15:00:00+08:00,,1186.0,1215.0,1180.0,1206.91,4097001.0,4913750668.0
stock_cn,stock_cn_kline,sh600519,1d,2026-07-07T15:00:00+08:00,,1200.0,1202.0,1188.11,1188.8,2736500.0,3264967794.0
stock_cn,stock_cn_kline,sh600519,1d,2026-07-08T15:00:00+08:00,,1188.77,1200.98,1177.0,1199.3,2577602.0,3071933498.0
stock_cn,stock_cn_kline,sh600519,1d,2026-07-09T15:00:00+08:00,,1191.0,1191.99,1178.0,1182.19,3409634.0,4035216946.0
stock_cn,stock_cn_kline,sh600519,1d,2026-07-10T15:00:00+08:00,,1182.2,1204.98,1170.28,1204.98,5221255.0,6223343642.0
stock_cn,stock_cn_kline,sh600519,1d,2026-07-13T15:00:00+08:00,,1197.12,1215.0,1190.19,1210.99,4198257.0,5056689558.0
stock_cn,stock_cn_kline,sh600519,1d,2026-07-14T15:00:00+08:00,,1208.99,1226.87,1205.0,1214.88,4352726.0,5294785036.0
stock_cn,stock_cn_kline,sh600519,1d,2026-07-15T15:00:00+08:00,,1203.66,1256.6,1198.66,1251.06,7194371.0,8922861367.0
stock_cn,stock_cn_kline,sh600519,1d,2026-07-16T15:00:00+08:00,,1252.0,1267.97,1245.05,1258.99,4761114.0,5987570858.0
stock_cn,stock_cn_kline,sh600580,1d,2026-07-02T15:00:00+08:00,,33.31,35.3,33.05,33.95,66210256.0,2273933267.0
stock_cn,stock_cn_kline,sh600580,1d,2026-07-03T15:00:00+08:00,,35.3,37.35,35.2,37.35,79888341.0,2920380525.0
stock_cn,stock_cn_kline,sh600580,1d,2026-07-06T15:00:00+08:00,,38.0,39.49,37.3,37.91,134687838.0,5138015060.0
stock_cn,stock_cn_kline,sh600580,1d,2026-07-07T15:00:00+08:00,,37.88,39.19,35.81,36.08,86099318.0,3201119637.0
stock_cn,stock_cn_kline,sh600580,1d,2026-07-08T15:00:00+08:00,,35.5,35.5,33.03,33.03,69526042.0,2356958908.0
stock_cn,stock_cn_kline,sh600580,1d,2026-07-09T15:00:00+08:00,,32.48,33.45,31.8,33.2,54621765.0,1782620307.0
stock_cn,stock_cn_kline,sh600580,1d,2026-07-10T15:00:00+08:00,,33.0,34.58,32.72,33.65,56477666.0,1909158589.0
stock_cn,stock_cn_kline,sh600580,1d,2026-07-13T15:00:00+08:00,,33.08,33.09,31.2,31.24,41679754.0,1331941586.0
stock_cn,stock_cn_kline,sh600580,1d,2026-07-14T15:00:00+08:00,,31.24,31.75,30.4,31.62,31786197.0,989244661.0
stock_cn,stock_cn_kline,sh600580,1d,2026-07-15T15:00:00+08:00,,31.68,32.15,30.9,31.44,26148938.0,826040132.0
stock_cn,stock_cn_kline,sh600580,1d,2026-07-16T15:00:00+08:00,,31.0,31.96,30.67,31.1,26499114.0,832312937.0
stock_cn,stock_cn_kline,sh600667,1d,2026-07-02T15:00:00+08:00,,29.62,31.05,28.89,28.89,392299916.0,11560506776.0
stock_cn,stock_cn_kline,sh600667,1d,2026-07-03T15:00:00+08:00,,28.31,31.0,27.18,29.96,407863159.0,11894094083.0
stock_cn,stock_cn_kline,sh600667,1d,2026-07-06T15:00:00+08:00,,30.3,31.18,26.96,27.41,382644406.0,10843745879.0
stock_cn,stock_cn_kline,sh600667,1d,2026-07-07T15:00:00+08:00,,26.18,27.56,24.88,26.32,336152252.0,8788887339.0
stock_cn,stock_cn_kline,sh600667,1d,2026-07-08T15:00:00+08:00,,26.53,27.11,23.87,23.88,325517754.0,8090154227.0
stock_cn,stock_cn_kline,sh600667,1d,2026-07-09T15:00:00+08:00,,24.95,26.27,24.5,26.27,341472724.0,8691822828.0
stock_cn,stock_cn_kline,sh600667,1d,2026-07-10T15:00:00+08:00,,26.82,27.95,25.24,25.26,432936178.0,11644398633.0
stock_cn,stock_cn_kline,sh600667,1d,2026-07-13T15:00:00+08:00,,24.0,26.25,22.73,22.73,286648507.0,6904031210.0
stock_cn,stock_cn_kline,sh600667,1d,2026-07-14T15:00:00+08:00,,22.71,23.0,20.8,22.63,306754017.0,6765829074.0
stock_cn,stock_cn_kline,sh600667,1d,2026-07-15T15:00:00+08:00,,23.77,23.88,20.64,20.81,243072636.0,5325613626.0
stock_cn,stock_cn_kline,sh600667,1d,2026-07-16T15:00:00+08:00,,19.99,20.55,18.73,18.73,237272909.0,4660979890.0
stock_cn,stock_cn_kline,sh600751,1d,2026-07-02T15:00:00+08:00,,2.94,3.01,2.9,2.96,33193882.0,98121858.0
stock_cn,stock_cn_kline,sh600751,1d,2026-07-03T15:00:00+08:00,,2.96,3.01,2.93,2.96,27171989.0,80573989.0
stock_cn,stock_cn_kline,sh600751,1d,2026-07-06T15:00:00+08:00,,2.96,2.99,2.92,2.94,22706600.0,66865072.0
stock_cn,stock_cn_kline,sh600751,1d,2026-07-07T15:00:00+08:00,,2.91,2.95,2.82,2.84,28454800.0,81599524.0
stock_cn,stock_cn_kline,sh600751,1d,2026-07-08T15:00:00+08:00,,2.86,2.86,2.77,2.79,21595700.0,60689027.0
stock_cn,stock_cn_kline,sh600751,1d,2026-07-09T15:00:00+08:00,,2.78,2.8,2.71,2.79,27775646.0,76637976.0
stock_cn,stock_cn_kline,sh600751,1d,2026-07-10T15:00:00+08:00,,2.78,2.9,2.75,2.84,31691400.0,90312025.0
stock_cn,stock_cn_kline,sh600751,1d,2026-07-13T15:00:00+08:00,,2.85,2.9,2.73,2.74,31764100.0,88596013.0
stock_cn,stock_cn_kline,sh600751,1d,2026-07-14T15:00:00+08:00,,2.72,2.82,2.72,2.79,27931786.0,77373341.0
stock_cn,stock_cn_kline,sh600751,1d,2026-07-15T15:00:00+08:00,,2.77,2.9,2.77,2.87,29939829.0,85571202.0
stock_cn,stock_cn_kline,sh600751,1d,2026-07-16T15:00:00+08:00,,2.89,2.96,2.82,2.9,34671284.0,100807483.0
stock_cn,stock_cn_kline,sh600838,1d,2026-07-02T15:00:00+08:00,,7.37,7.65,7.31,7.31,10035394.0,74845924.0
stock_cn,stock_cn_kline,sh600838,1d,2026-07-03T15:00:00+08:00,,7.31,7.44,7.27,7.37,6601600.0,48644724.0
stock_cn,stock_cn_kline,sh600838,1d,2026-07-06T15:00:00+08:00,,7.4,7.44,7.27,7.34,6109500.0,44829744.0
stock_cn,stock_cn_kline,sh600838,1d,2026-07-07T15:00:00+08:00,,7.43,7.43,7.02,7.04,7053000.0,50244822.0
stock_cn,stock_cn_kline,sh600838,1d,2026-07-08T15:00:00+08:00,,7.07,7.15,6.96,7.07,6238830.0,43960405.0
stock_cn,stock_cn_kline,sh600838,1d,2026-07-09T15:00:00+08:00,,7.09,7.1,6.87,7.04,6480500.0,45182878.0
stock_cn,stock_cn_kline,sh600838,1d,2026-07-10T15:00:00+08:00,,7.02,7.32,6.92,7.06,13344170.0,95539419.0
stock_cn,stock_cn_kline,sh600838,1d,2026-07-13T15:00:00+08:00,,7.04,7.1,6.77,6.8,11027870.0,75616538.0
stock_cn,stock_cn_kline,sh600838,1d,2026-07-14T15:00:00+08:00,,6.82,7.05,6.79,7.02,8455700.0,58602564.0
stock_cn,stock_cn_kline,sh600838,1d,2026-07-15T15:00:00+08:00,,6.95,7.37,6.92,7.21,10611200.0,76820783.0
stock_cn,stock_cn_kline,sh600838,1d,2026-07-16T15:00:00+08:00,,7.22,7.43,7.16,7.33,8600642.0,63072948.0
stock_cn,stock_cn_kline,sh601086,1d,2026-07-02T15:00:00+08:00,,6.8,6.99,6.77,6.84,6430200.0,44232694.0
stock_cn,stock_cn_kline,sh601086,1d,2026-07-03T15:00:00+08:00,,6.92,6.97,6.8,6.92,5904700.0,40688206.0
stock_cn,stock_cn_kline,sh601086,1d,2026-07-06T15:00:00+08:00,,6.85,6.98,6.85,6.88,5035400.0,34792117.0
stock_cn,stock_cn_kline,sh601086,1d,2026-07-07T15:00:00+08:00,,6.88,6.89,6.66,6.71,5437275.0,36673168.0
stock_cn,stock_cn_kline,sh601086,1d,2026-07-08T15:00:00+08:00,,6.65,6.78,6.62,6.72,5106200.0,34256722.0
stock_cn,stock_cn_kline,sh601086,1d,2026-07-09T15:00:00+08:00,,6.7,6.78,6.56,6.68,6494400.0,43156757.0
stock_cn,stock_cn_kline,sh601086,1d,2026-07-10T15:00:00+08:00,,6.68,7.0,6.61,6.9,9368000.0,64490055.0
stock_cn,stock_cn_kline,sh601086,1d,2026-07-13T15:00:00+08:00,,6.84,6.97,6.66,6.72,6226708.0,42095336.0
stock_cn,stock_cn_kline,sh601086,1d,2026-07-14T15:00:00+08:00,,6.85,6.91,6.64,6.89,7888800.0,53704070.0
stock_cn,stock_cn_kline,sh601086,1d,2026-07-15T15:00:00+08:00,,6.86,7.37,6.85,7.27,17861688.0,128861475.0
stock_cn,stock_cn_kline,sh601086,1d,2026-07-16T15:00:00+08:00,,7.18,7.38,7.17,7.29,11524628.0,83961998.0
stock_cn,stock_cn_kline,sh601318,1d,2026-07-02T15:00:00+08:00,,49.35,50.2,48.8,48.92,92012954.0,4528699940.0
stock_cn,stock_cn_kline,sh601318,1d,2026-07-03T15:00:00+08:00,,49.5,49.78,48.31,49.09,80333122.0,3933213372.0
stock_cn,stock_cn_kline,sh601318,1d,2026-07-06T15:00:00+08:00,,49.05,50.2,48.81,50.1,94495634.0,4688935744.0
stock_cn,stock_cn_kline,sh601318,1d,2026-07-07T15:00:00+08:00,,49.93,50.22,49.17,49.29,69767509.0,3454770845.0
stock_cn,stock_cn_kline,sh601318,1d,2026-07-08T15:00:00+08:00,,49.36,49.8,48.96,49.54,54099529.0,2678589604.0
stock_cn,stock_cn_kline,sh601318,1d,2026-07-09T15:00:00+08:00,,49.26,49.61,48.91,49.49,66236870.0,3259894112.0
stock_cn,stock_cn_kline,sh601318,1d,2026-07-10T15:00:00+08:00,,49.47,49.97,48.97,49.48,76494557.0,3787725071.0
stock_cn,stock_cn_kline,sh601318,1d,2026-07-13T15:00:00+08:00,,49.36,49.73,49.11,49.53,71652351.0,3539328300.0
stock_cn,stock_cn_kline,sh601318,1d,2026-07-14T15:00:00+08:00,,49.5,49.76,48.5,49.6,97987332.0,4809693613.0
stock_cn,stock_cn_kline,sh601318,1d,2026-07-15T15:00:00+08:00,,49.58,51.2,49.45,50.95,128669396.0,6486059071.0
stock_cn,stock_cn_kline,sh601318,1d,2026-07-16T15:00:00+08:00,,50.7,51.29,50.24,50.67,81279871.0,4120400653.0
stock_cn,stock_cn_kline,sh601368,1d,2026-07-02T15:00:00+08:00,,4.21,4.27,4.18,4.22,4534126.0,19188972.0
stock_cn,stock_cn_kline,sh601368,1d,2026-07-03T15:00:00+08:00,,4.22,4.33,4.22,4.32,4716060.0,20235942.0
stock_cn,stock_cn_kline,sh601368,1d,2026-07-06T15:00:00+08:00,,4.35,4.75,4.29,4.75,21299421.0,98115329.0
stock_cn,stock_cn_kline,sh601368,1d,2026-07-07T15:00:00+08:00,,4.73,4.74,4.44,4.55,31180563.0,142791871.0
stock_cn,stock_cn_kline,sh601368,1d,2026-07-08T15:00:00+08:00,,4.53,4.56,4.3,4.45,20303900.0,90334340.0
stock_cn,stock_cn_kline,sh601368,1d,2026-07-09T15:00:00+08:00,,4.44,4.44,4.26,4.28,14169100.0,61365375.0
stock_cn,stock_cn_kline,sh601368,1d,2026-07-10T15:00:00+08:00,,4.28,4.38,4.15,4.31,11200100.0,48003622.0
stock_cn,stock_cn_kline,sh601368,1d,2026-07-13T15:00:00+08:00,,4.29,4.32,4.16,4.23,10602200.0,44583661.0
stock_cn,stock_cn_kline,sh601368,1d,2026-07-14T15:00:00+08:00,,4.21,4.31,4.18,4.31,7578700.0,32334152.0
stock_cn,stock_cn_kline,sh601368,1d,2026-07-15T15:00:00+08:00,,4.33,4.44,4.3,4.44,8042700.0,35289888.0
stock_cn,stock_cn_kline,sh601368,1d,2026-07-16T15:00:00+08:00,,4.42,4.47,4.36,4.46,6838900.0,30259250.0
stock_cn,stock_cn_kline,sh601398,1d,2026-07-02T15:00:00+08:00,,7.03,7.14,7.0,7.05,358475722.0,2528095306.0
stock_cn,stock_cn_kline,sh601398,1d,2026-07-03T15:00:00+08:00,,7.03,7.08,7.0,7.04,304072257.0,2138079209.0
stock_cn,stock_cn_kline,sh601398,1d,2026-07-06T15:00:00+08:00,,7.02,7.12,6.95,7.12,378269376.0,2661206278.0
stock_cn,stock_cn_kline,sh601398,1d,2026-07-07T15:00:00+08:00,,7.09,7.28,7.08,7.26,461931983.0,3320498454.0
stock_cn,stock_cn_kline,sh601398,1d,2026-07-08T15:00:00+08:00,,7.22,7.38,7.16,7.37,431624154.0,3165690982.0
stock_cn,stock_cn_kline,sh601398,1d,2026-07-09T15:00:00+08:00,,7.33,7.34,7.23,7.27,403992458.0,2938322648.0
stock_cn,stock_cn_kline,sh601398,1d,2026-07-10T15:00:00+08:00,,7.24,7.33,7.23,7.33,406838242.0,2963875395.0
stock_cn,stock_cn_kline,sh601398,1d,2026-07-13T15:00:00+08:00,,7.31,7.54,7.29,7.53,650783514.0,4856618966.0
stock_cn,stock_cn_kline,sh601398,1d,2026-07-14T15:00:00+08:00,,7.46,7.54,7.42,7.5,476481952.0,3562493826.0
stock_cn,stock_cn_kline,sh601398,1d,2026-07-15T15:00:00+08:00,,7.43,7.52,7.4,7.51,402361817.0,3001141639.0
stock_cn,stock_cn_kline,sh601398,1d,2026-07-16T15:00:00+08:00,,7.51,7.53,7.36,7.39,351740086.0,2612814901.0
stock_cn,stock_cn_kline,sh601825,1d,2026-07-02T15:00:00+08:00,,7.58,7.79,7.47,7.57,31857237.0,241793321.0
stock_cn,stock_cn_kline,sh601825,1d,2026-07-03T15:00:00+08:00,,7.56,7.67,7.43,7.54,25348900.0,191122655.0
stock_cn,stock_cn_kline,sh601825,1d,2026-07-06T15:00:00+08:00,,7.5,7.83,7.46,7.82,32699229.0,252742712.0
stock_cn,stock_cn_kline,sh601825,1d,2026-07-07T15:00:00+08:00,,7.78,7.86,7.69,7.8,19122845.0,148561963.0
stock_cn,stock_cn_kline,sh601825,1d,2026-07-08T15:00:00+08:00,,7.75,7.83,7.66,7.8,22100520.0,171618001.0
stock_cn,stock_cn_kline,sh601825,1d,2026-07-09T15:00:00+08:00,,7.75,7.86,7.66,7.75,19564948.0,151798144.0
stock_cn,stock_cn_kline,sh601825,1d,2026-07-10T15:00:00+08:00,,7.75,7.8,7.63,7.66,26739511.0,206112109.0
stock_cn,stock_cn_kline,sh601825,1d,2026-07-13T15:00:00+08:00,,7.66,7.87,7.63,7.85,32368061.0,251484495.0
stock_cn,stock_cn_kline,sh601825,1d,2026-07-14T15:00:00+08:00,,7.82,7.98,7.77,7.95,23699866.0,187232744.0
stock_cn,stock_cn_kline,sh601825,1d,2026-07-15T15:00:00+08:00,,7.93,8.11,7.88,8.06,29316884.0,234696689.0
stock_cn,stock_cn_kline,sh601825,1d,2026-07-16T15:00:00+08:00,,8.04,8.19,7.93,7.98,19459780.0,155690047.0
stock_cn,stock_cn_kline,sh603019,1d,2026-07-02T15:00:00+08:00,,98.7,99.98,94.01,94.56,94094730.0,9133705516.0
stock_cn,stock_cn_kline,sh603019,1d,2026-07-03T15:00:00+08:00,,93.55,96.6,92.6,92.68,79011947.0,7460261871.0
stock_cn,stock_cn_kline,sh603019,1d,2026-07-06T15:00:00+08:00,,94.11,95.92,91.2,94.56,81113294.0,7624945973.0
stock_cn,stock_cn_kline,sh603019,1d,2026-07-07T15:00:00+08:00,,93.53,96.74,92.74,93.5,59988074.0,5680085784.0
stock_cn,stock_cn_kline,sh603019,1d,2026-07-08T15:00:00+08:00,,97.88,101.15,95.39,98.15,120597192.0,11901041423.0
stock_cn,stock_cn_kline,sh603019,1d,2026-07-09T15:00:00+08:00,,98.17,104.7,96.18,103.99,124637007.0,12552500117.0
stock_cn,stock_cn_kline,sh603019,1d,2026-07-10T15:00:00+08:00,,103.48,113.0,102.7,107.5,159883792.0,17409082477.0
stock_cn,stock_cn_kline,sh603019,1d,2026-07-13T15:00:00+08:00,,110.0,113.0,103.0,106.13,123798266.0,13373549456.0
stock_cn,stock_cn_kline,sh603019,1d,2026-07-14T15:00:00+08:00,,107.68,108.39,95.66,101.9,119955599.0,12018691205.0
stock_cn,stock_cn_kline,sh603019,1d,2026-07-15T15:00:00+08:00,,99.0,101.5,95.68,96.76,76532082.0,7503251255.0
stock_cn,stock_cn_kline,sh603019,1d,2026-07-16T15:00:00+08:00,,93.5,101.32,92.01,97.66,85878060.0,8404779082.0
stock_cn,stock_cn_kline,sh603191,1d,2026-07-02T15:00:00+08:00,,15.89,16.24,15.58,15.83,8219900.0,131390891.0
stock_cn,stock_cn_kline,sh603191,1d,2026-07-03T15:00:00+08:00,,15.79,16.05,15.69,15.82,7376509.0,117385954.0
stock_cn,stock_cn_kline,sh603191,1d,2026-07-06T15:00:00+08:00,,15.85,16.59,15.57,15.62,10210072.0,162654529.0
stock_cn,stock_cn_kline,sh603191,1d,2026-07-07T15:00:00+08:00,,15.59,15.71,14.82,14.85,8361500.0,126386300.0
stock_cn,stock_cn_kline,sh603191,1d,2026-07-08T15:00:00+08:00,,14.79,14.87,14.27,14.29,6274959.0,91009841.0
stock_cn,stock_cn_kline,sh603191,1d,2026-07-09T15:00:00+08:00,,14.3,14.5,13.66,14.21,7046855.0,98747744.0
stock_cn,stock_cn_kline,sh603191,1d,2026-07-10T15:00:00+08:00,,14.21,14.73,14.01,14.41,6398689.0,92656397.0
stock_cn,stock_cn_kline,sh603191,1d,2026-07-13T15:00:00+08:00,,14.41,14.5,13.3,13.37,10266723.0,140899125.0
stock_cn,stock_cn_kline,sh603191,1d,2026-07-14T15:00:00+08:00,,13.43,13.66,13.03,13.64,7401100.0,98404694.0
stock_cn,stock_cn_kline,sh603191,1d,2026-07-15T15:00:00+08:00,,13.18,13.92,12.95,13.27,7242379.0,96802418.0
stock_cn,stock_cn_kline,sh603191,1d,2026-07-16T15:00:00+08:00,,13.19,13.44,12.95,13.13,5391605.0,71199702.0
stock_cn,stock_cn_kline,sh603282,1d,2026-07-02T15:00:00+08:00,,15.0,15.0,14.61,14.7,1959700.0,28991602.0
stock_cn,stock_cn_kline,sh603282,1d,2026-07-03T15:00:00+08:00,,14.99,15.22,14.8,14.93,1692200.0,25405218.0
stock_cn,stock_cn_kline,sh603282,1d,2026-07-06T15:00:00+08:00,,14.93,15.15,14.4,14.54,1662600.0,24343438.0
stock_cn,stock_cn_kline,sh603282,1d,2026-07-07T15:00:00+08:00,,14.55,14.79,13.98,14.01,1639900.0,23316883.0
stock_cn,stock_cn_kline,sh603282,1d,2026-07-08T15:00:00+08:00,,14.01,14.08,13.68,13.9,1605000.0,22303523.0
stock_cn,stock_cn_kline,sh603282,1d,2026-07-09T15:00:00+08:00,,13.69,13.94,13.33,13.7,1277701.0,17391260.0
stock_cn,stock_cn_kline,sh603282,1d,2026-07-10T15:00:00+08:00,,13.69,14.16,13.44,13.93,1284900.0,17879398.0
stock_cn,stock_cn_kline,sh603282,1d,2026-07-13T15:00:00+08:00,,13.93,13.99,13.45,13.58,1487700.0,20393064.0
stock_cn,stock_cn_kline,sh603282,1d,2026-07-14T15:00:00+08:00,,13.6,14.0,13.35,13.99,1369000.0,18802383.0
stock_cn,stock_cn_kline,sh603282,1d,2026-07-15T15:00:00+08:00,,14.01,14.38,13.82,14.14,1114900.0,15800394.0
stock_cn,stock_cn_kline,sh603282,1d,2026-07-16T15:00:00+08:00,,14.1,14.81,14.01,14.39,1582200.0,22978307.0
stock_cn,stock_cn_kline,sh603370,1d,2026-07-02T15:00:00+08:00,,36.44,37.84,36.0,37.14,935240.0,34956781.0
stock_cn,stock_cn_kline,sh603370,1d,2026-07-03T15:00:00+08:00,,37.14,38.79,37.09,38.28,826157.0,31393265.0
stock_cn,stock_cn_kline,sh603370,1d,2026-07-06T15:00:00+08:00,,38.03,38.18,36.38,36.47,866922.0,32071939.0
stock_cn,stock_cn_kline,sh603370,1d,2026-07-07T15:00:00+08:00,,36.4,37.0,35.48,35.87,485424.0,17446927.0
stock_cn,stock_cn_kline,sh603370,1d,2026-07-08T15:00:00+08:00,,35.87,35.87,34.62,34.63,494974.0,17305060.0
stock_cn,stock_cn_kline,sh603370,1d,2026-07-09T15:00:00+08:00,,34.62,34.91,33.32,33.47,825946.0,27928371.0
stock_cn,stock_cn_kline,sh603370,1d,2026-07-10T15:00:00+08:00,,33.42,34.54,32.71,33.91,843468.0,28438250.0
stock_cn,stock_cn_kline,sh603370,1d,2026-07-13T15:00:00+08:00,,33.61,34.03,31.6,31.83,816144.0,26486294.0
stock_cn,stock_cn_kline,sh603370,1d,2026-07-14T15:00:00+08:00,,31.88,32.44,31.42,32.43,495580.0,15873014.0
stock_cn,stock_cn_kline,sh603370,1d,2026-07-15T15:00:00+08:00,,32.07,32.93,32.07,32.54,416677.0,13584339.0
stock_cn,stock_cn_kline,sh603370,1d,2026-07-16T15:00:00+08:00,,32.55,33.28,32.26,32.81,549406.0,18054913.0
stock_cn,stock_cn_kline,sh603559,1d,2026-07-02T15:00:00+08:00,,8.92,9.01,8.54,9.01,16159546.0,142837857.0
stock_cn,stock_cn_kline,sh603559,1d,2026-07-03T15:00:00+08:00,,9.08,9.91,9.08,9.91,14473238.0,141382279.0
stock_cn,stock_cn_kline,sh603559,1d,2026-07-06T15:00:00+08:00,,9.9,10.0,8.97,8.98,27087320.0,255330958.0
stock_cn,stock_cn_kline,sh603559,1d,2026-07-07T15:00:00+08:00,,8.82,8.89,8.08,8.21,19726844.0,164299177.0
stock_cn,stock_cn_kline,sh603559,1d,2026-07-08T15:00:00+08:00,,8.3,8.5,8.01,8.05,11615900.0,95857832.0
stock_cn,stock_cn_kline,sh603559,1d,2026-07-09T15:00:00+08:00,,7.99,8.18,7.79,7.98,10567400.0,83911933.0
stock_cn,stock_cn_kline,sh603559,1d,2026-07-10T15:00:00+08:00,,8.05,8.78,8.01,8.78,7945500.0,68745569.0
stock_cn,stock_cn_kline,sh603559,1d,2026-07-13T15:00:00+08:00,,9.0,9.5,8.5,8.6,23744300.0,212942585.0
stock_cn,stock_cn_kline,sh603559,1d,2026-07-14T15:00:00+08:00,,8.56,8.84,8.15,8.31,14690652.0,123559447.0
stock_cn,stock_cn_kline,sh603559,1d,2026-07-15T15:00:00+08:00,,8.38,8.4,7.91,8.14,11627400.0,94395158.0
stock_cn,stock_cn_kline,sh603559,1d,2026-07-16T15:00:00+08:00,,8.19,8.34,7.86,8.06,8882700.0,71569284.0
stock_cn,stock_cn_kline,sh603685,1d,2026-07-02T15:00:00+08:00,,27.75,28.45,27.24,27.73,2529732.0,70550767.0
stock_cn,stock_cn_kline,sh603685,1d,2026-07-03T15:00:00+08:00,,27.33,29.68,27.33,29.41,2834355.0,81328089.0
stock_cn,stock_cn_kline,sh603685,1d,2026-07-06T15:00:00+08:00,,29.99,31.36,28.87,29.55,3395100.0,101982283.0
stock_cn,stock_cn_kline,sh603685,1d,2026-07-07T15:00:00+08:00,,29.11,29.55,28.2,28.25,2380462.0,68542313.0
stock_cn,stock_cn_kline,sh603685,1d,2026-07-08T15:00:00+08:00,,28.03,28.45,27.15,27.57,1647173.0,45311721.0
stock_cn,stock_cn_kline,sh603685,1d,2026-07-09T15:00:00+08:00,,27.59,28.77,26.83,28.64,2037900.0,56540983.0
stock_cn,stock_cn_kline,sh603685,1d,2026-07-10T15:00:00+08:00,,28.62,31.4,28.54,29.75,5974231.0,179633384.0
stock_cn,stock_cn_kline,sh603685,1d,2026-07-13T15:00:00+08:00,,29.58,29.73,27.01,27.15,4502106.0,125498646.0
stock_cn,stock_cn_kline,sh603685,1d,2026-07-14T15:00:00+08:00,,27.12,27.59,26.48,27.24,1885469.0,50832042.0
stock_cn,stock_cn_kline,sh603685,1d,2026-07-15T15:00:00+08:00,,27.25,28.23,27.02,27.22,2016177.0,55643495.0
stock_cn,stock_cn_kline,sh603685,1d,2026-07-16T15:00:00+08:00,,27.18,27.48,26.7,26.9,1451762.0,39180459.0
stock_cn,stock_cn_kline,sh603955,1d,2026-07-02T15:00:00+08:00,,19.8,20.06,19.5,19.57,1541500.0,30448070.0
stock_cn,stock_cn_kline,sh603955,1d,2026-07-03T15:00:00+08:00,,19.73,20.28,19.57,20.14,2026600.0,40615782.0
stock_cn,stock_cn_kline,sh603955,1d,2026-07-06T15:00:00+08:00,,20.05,20.27,19.54,19.57,1180400.0,23409366.0
stock_cn,stock_cn_kline,sh603955,1d,2026-07-07T15:00:00+08:00,,19.82,20.05,19.19,19.68,1390390.0,27132510.0
stock_cn,stock_cn_kline,sh603955,1d,2026-07-08T15:00:00+08:00,,19.61,19.79,19.2,19.27,978000.0,18970265.0
stock_cn,stock_cn_kline,sh603955,1d,2026-07-09T15:00:00+08:00,,19.5,19.5,18.61,18.91,1811900.0,34230275.0
stock_cn,stock_cn_kline,sh603955,1d,2026-07-10T15:00:00+08:00,,18.93,19.63,18.52,19.05,2048230.0,39301261.0
stock_cn,stock_cn_kline,sh603955,1d,2026-07-13T15:00:00+08:00,,19.0,19.04,17.85,17.92,2040400.0,37366063.0
stock_cn,stock_cn_kline,sh603955,1d,2026-07-14T15:00:00+08:00,,17.9,18.07,17.61,17.69,1728100.0,30716525.0
stock_cn,stock_cn_kline,sh603955,1d,2026-07-15T15:00:00+08:00,,17.99,18.28,17.61,18.17,2069532.0,37337914.0
stock_cn,stock_cn_kline,sh603955,1d,2026-07-16T15:00:00+08:00,,18.17,18.48,17.68,18.37,1727400.0,31439556.0
stock_cn,stock_cn_kline,sh605151,1d,2026-07-02T15:00:00+08:00,,17.91,19.27,17.82,18.52,3311804.0,62017637.0
stock_cn,stock_cn_kline,sh605151,1d,2026-07-03T15:00:00+08:00,,18.46,19.5,18.3,19.27,2889900.0,55477912.0
stock_cn,stock_cn_kline,sh605151,1d,2026-07-06T15:00:00+08:00,,19.2,19.77,19.02,19.08,1960342.0,37876132.0
stock_cn,stock_cn_kline,sh605151,1d,2026-07-07T15:00:00+08:00,,18.78,19.46,18.58,18.63,1372115.0,25819099.0
stock_cn,stock_cn_kline,sh605151,1d,2026-07-08T15:00:00+08:00,,18.63,18.68,18.01,18.09,1418700.0,25764833.0
stock_cn,stock_cn_kline,sh605151,1d,2026-07-09T15:00:00+08:00,,18.18,18.45,17.53,17.9,1882600.0,33651298.0
stock_cn,stock_cn_kline,sh605151,1d,2026-07-10T15:00:00+08:00,,17.7,18.94,17.7,18.41,2335200.0,43022945.0
stock_cn,stock_cn_kline,sh605151,1d,2026-07-13T15:00:00+08:00,,18.78,18.78,17.58,17.72,1841600.0,33232477.0
stock_cn,stock_cn_kline,sh605151,1d,2026-07-14T15:00:00+08:00,,18.08,18.08,17.31,17.98,1318100.0,23410296.0
stock_cn,stock_cn_kline,sh605151,1d,2026-07-15T15:00:00+08:00,,17.91,18.57,17.87,18.07,1408900.0,25654670.0
stock_cn,stock_cn_kline,sh605151,1d,2026-07-16T15:00:00+08:00,,17.97,18.48,17.92,18.1,1382600.0,25177467.0
stock_cn,stock_cn_kline,sh605599,1d,2026-07-02T15:00:00+08:00,,14.12,14.34,13.98,14.25,4833800.0,68611779.0
stock_cn,stock_cn_kline,sh605599,1d,2026-07-03T15:00:00+08:00,,14.51,14.85,14.37,14.82,6532600.0,95827397.0
stock_cn,stock_cn_kline,sh605599,1d,2026-07-06T15:00:00+08:00,,14.66,15.05,14.53,14.6,6530540.0,96284217.0
stock_cn,stock_cn_kline,sh605599,1d,2026-07-07T15:00:00+08:00,,14.56,14.56,13.95,13.98,4996100.0,70598791.0
stock_cn,stock_cn_kline,sh605599,1d,2026-07-08T15:00:00+08:00,,13.98,14.38,13.81,13.9,5324434.0,74768986.0
stock_cn,stock_cn_kline,sh605599,1d,2026-07-09T15:00:00+08:00,,14.0,14.0,13.38,13.53,6788900.0,91777138.0
stock_cn,stock_cn_kline,sh605599,1d,2026-07-10T15:00:00+08:00,,13.55,13.98,13.4,13.88,6538208.0,89989550.0
stock_cn,stock_cn_kline,sh605599,1d,2026-07-13T15:00:00+08:00,,13.89,14.16,13.68,14.07,7016400.0,98000340.0
stock_cn,stock_cn_kline,sh605599,1d,2026-07-14T15:00:00+08:00,,14.12,14.49,13.94,14.3,7180364.0,102139480.0
stock_cn,stock_cn_kline,sh605599,1d,2026-07-15T15:00:00+08:00,,14.32,14.7,14.18,14.62,5719800.0,83042986.0
stock_cn,stock_cn_kline,sh605599,1d,2026-07-16T15:00:00+08:00,,14.65,14.79,14.46,14.65,5451500.0,79603947.0
stock_cn,stock_cn_kline,sh688001,1d,2026-07-02T15:00:00+08:00,,78.0,79.15,73.03,73.3,10414953.0,795008957.0
stock_cn,stock_cn_kline,sh688001,1d,2026-07-03T15:00:00+08:00,,73.3,77.9,71.33,72.58,8913697.0,658445063.0
stock_cn,stock_cn_kline,sh688001,1d,2026-07-06T15:00:00+08:00,,73.4,74.44,67.28,68.0,10032835.0,699162594.0
stock_cn,stock_cn_kline,sh688001,1d,2026-07-07T15:00:00+08:00,,68.8,68.8,65.11,66.67,6984213.0,466665091.0
stock_cn,stock_cn_kline,sh688001,1d,2026-07-08T15:00:00+08:00,,68.2,69.23,63.5,65.16,6741977.0,446668075.0
stock_cn,stock_cn_kline,sh688001,1d,2026-07-09T15:00:00+08:00,,66.36,68.41,63.06,68.11,7823082.0,517839589.0
stock_cn,stock_cn_kline,sh688001,1d,2026-07-10T15:00:00+08:00,,69.47,70.19,64.13,64.38,8906980.0,600309898.0
stock_cn,stock_cn_kline,sh688001,1d,2026-07-13T15:00:00+08:00,,62.66,64.16,58.4,58.9,9754137.0,591448845.0
stock_cn,stock_cn_kline,sh688001,1d,2026-07-14T15:00:00+08:00,,59.39,63.5,58.4,62.06,9392437.0,572191215.0
stock_cn,stock_cn_kline,sh688001,1d,2026-07-15T15:00:00+08:00,,62.74,64.96,61.78,62.99,8372931.0,530162673.0
stock_cn,stock_cn_kline,sh688001,1d,2026-07-16T15:00:00+08:00,,62.5,64.74,60.0,60.82,10633227.0,659404323.0
stock_cn,stock_cn_kline,sh688036,1d,2026-07-02T15:00:00+08:00,,55.3,58.9,54.98,56.65,23264117.0,1343219917.0
stock_cn,stock_cn_kline,sh688036,1d,2026-07-03T15:00:00+08:00,,56.05,61.68,56.05,60.26,23688152.0,1425273427.0
stock_cn,stock_cn_kline,sh688036,1d,2026-07-06T15:00:00+08:00,,60.5,61.12,59.35,60.6,16489163.0,993836339.0
stock_cn,stock_cn_kline,sh688036,1d,2026-07-07T15:00:00+08:00,,60.15,66.32,59.9,63.78,33370638.0,2146973488.0
stock_cn,stock_cn_kline,sh688036,1d,2026-07-08T15:00:00+08:00,,63.93,64.98,61.8,62.25,16234857.0,1020642043.0
stock_cn,stock_cn_kline,sh688036,1d,2026-07-09T15:00:00+08:00,,62.09,67.25,61.98,66.37,28815731.0,1883835276.0
stock_cn,stock_cn_kline,sh688036,1d,2026-07-10T15:00:00+08:00,,66.4,71.58,64.66,68.5,35608504.0,2431228819.0
stock_cn,stock_cn_kline,sh688036,1d,2026-07-13T15:00:00+08:00,,66.7,67.5,63.93,64.43,20781054.0,1360150419.0
stock_cn,stock_cn_kline,sh688036,1d,2026-07-14T15:00:00+08:00,,64.43,65.12,61.38,62.4,17388710.0,1085696251.0
stock_cn,stock_cn_kline,sh688036,1d,2026-07-15T15:00:00+08:00,,62.38,63.4,61.01,61.4,18287239.0,1128933855.0
stock_cn,stock_cn_kline,sh688036,1d,2026-07-16T15:00:00+08:00,,62.0,68.51,61.41,65.43,33491527.0,2210873704.0
stock_cn,stock_cn_kline,sh688076,1d,2026-07-02T15:00:00+08:00,,28.3,29.9,28.3,29.43,6216755.0,182815352.0
stock_cn,stock_cn_kline,sh688076,1d,2026-07-03T15:00:00+08:00,,30.0,30.18,28.88,29.39,4596895.0,135522592.0
stock_cn,stock_cn_kline,sh688076,1d,2026-07-06T15:00:00+08:00,,29.98,30.76,29.42,30.21,5200897.0,156752288.0
stock_cn,stock_cn_kline,sh688076,1d,2026-07-07T15:00:00+08:00,,30.01,30.01,28.67,28.71,3384749.0,98351038.0
stock_cn,stock_cn_kline,sh688076,1d,2026-07-08T15:00:00+08:00,,28.9,29.32,28.3,28.45,1877807.0,53939197.0
stock_cn,stock_cn_kline,sh688076,1d,2026-07-09T15:00:00+08:00,,28.03,28.93,28.02,28.3,1922656.0,54381864.0
stock_cn,stock_cn_kline,sh688076,1d,2026-07-10T15:00:00+08:00,,28.24,29.26,27.9,28.54,2647832.0,75909014.0
stock_cn,stock_cn_kline,sh688076,1d,2026-07-13T15:00:00+08:00,,28.58,29.08,28.02,28.38,2072209.0,59169521.0
stock_cn,stock_cn_kline,sh688076,1d,2026-07-14T15:00:00+08:00,,28.04,28.5,28.04,28.46,1549752.0,43867625.0
stock_cn,stock_cn_kline,sh688076,1d,2026-07-15T15:00:00+08:00,,28.46,29.8,28.45,29.11,3624425.0,106205661.0
stock_cn,stock_cn_kline,sh688076,1d,2026-07-16T15:00:00+08:00,,29.11,29.66,28.45,29.22,3264013.0,95072323.0
stock_cn,stock_cn_kline,sh688110,1d,2026-07-02T15:00:00+08:00,,182.0,189.78,175.01,176.1,28768863.0,5239308497.0
stock_cn,stock_cn_kline,sh688110,1d,2026-07-03T15:00:00+08:00,,175.0,191.38,170.34,178.8,24582534.0,4421276511.0
stock_cn,stock_cn_kline,sh688110,1d,2026-07-06T15:00:00+08:00,,183.42,183.42,170.44,174.77,19925363.0,3525317650.0
stock_cn,stock_cn_kline,sh688110,1d,2026-07-07T15:00:00+08:00,,172.06,176.84,166.03,169.17,16395309.0,2797059725.0
stock_cn,stock_cn_kline,sh688110,1d,2026-07-08T15:00:00+08:00,,171.0,173.8,163.0,168.8,17701981.0,2987398980.0
stock_cn,stock_cn_kline,sh688110,1d,2026-07-09T15:00:00+08:00,,173.2,176.59,168.1,176.34,19892152.0,3440357636.0
stock_cn,stock_cn_kline,sh688110,1d,2026-07-10T15:00:00+08:00,,178.11,180.88,164.0,164.0,22473104.0,3901992595.0
stock_cn,stock_cn_kline,sh688110,1d,2026-07-13T15:00:00+08:00,,162.0,169.88,152.88,154.15,21002036.0,3380163305.0
stock_cn,stock_cn_kline,sh688110,1d,2026-07-14T15:00:00+08:00,,157.0,158.79,145.83,155.96,19191149.0,2963366320.0
stock_cn,stock_cn_kline,sh688110,1d,2026-07-15T15:00:00+08:00,,159.0,161.55,145.0,147.33,18394754.0,2798246372.0
stock_cn,stock_cn_kline,sh688110,1d,2026-07-16T15:00:00+08:00,,143.83,147.78,135.1,136.5,18818635.0,2662561585.0
stock_cn,stock_cn_kline,sh688150,1d,2026-07-02T15:00:00+08:00,,66.03,69.67,64.0,65.15,13293859.0,890643690.0
stock_cn,stock_cn_kline,sh688150,1d,2026-07-03T15:00:00+08:00,,65.06,66.0,60.52,60.62,11777588.0,742079965.0
stock_cn,stock_cn_kline,sh688150,1d,2026-07-06T15:00:00+08:00,,61.88,62.91,57.1,57.43,11275119.0,666920124.0
stock_cn,stock_cn_kline,sh688150,1d,2026-07-07T15:00:00+08:00,,58.43,59.2,53.67,55.6,8250297.0,460991526.0
stock_cn,stock_cn_kline,sh688150,1d,2026-07-08T15:00:00+08:00,,56.21,57.07,52.58,54.56,7992245.0,436853316.0
stock_cn,stock_cn_kline,sh688150,1d,2026-07-09T15:00:00+08:00,,54.97,58.82,54.33,58.5,8932233.0,508897138.0
stock_cn,stock_cn_kline,sh688150,1d,2026-07-10T15:00:00+08:00,,58.5,60.8,54.5,54.56,10172030.0,587980659.0
stock_cn,stock_cn_kline,sh688150,1d,2026-07-13T15:00:00+08:00,,55.0,56.64,50.34,50.65,7641260.0,400326445.0
stock_cn,stock_cn_kline,sh688150,1d,2026-07-14T15:00:00+08:00,,51.28,54.36,50.5,53.59,9475861.0,497447844.0
stock_cn,stock_cn_kline,sh688150,1d,2026-07-15T15:00:00+08:00,,54.04,54.79,49.4,49.67,6835373.0,352197263.0
stock_cn,stock_cn_kline,sh688150,1d,2026-07-16T15:00:00+08:00,,48.87,51.42,47.85,49.03,7589018.0,379091334.0
stock_cn,stock_cn_kline,sh688185,1d,2026-07-02T15:00:00+08:00,,53.0,54.29,52.3,52.38,2315288.0,123097378.0
stock_cn,stock_cn_kline,sh688185,1d,2026-07-03T15:00:00+08:00,,52.99,53.79,51.73,53.05,2002919.0,105870477.0
stock_cn,stock_cn_kline,sh688185,1d,2026-07-06T15:00:00+08:00,,53.21,54.96,52.58,53.01,2710053.0,146061807.0
stock_cn,stock_cn_kline,sh688185,1d,2026-07-07T15:00:00+08:00,,52.51,52.99,50.51,50.55,2000987.0,102589487.0
stock_cn,stock_cn_kline,sh688185,1d,2026-07-08T15:00:00+08:00,,50.44,50.9,49.1,49.12,1584394.0,78788814.0
stock_cn,stock_cn_kline,sh688185,1d,2026-07-09T15:00:00+08:00,,49.0,50.25,47.9,49.13,1597407.0,77995883.0
stock_cn,stock_cn_kline,sh688185,1d,2026-07-10T15:00:00+08:00,,49.46,52.5,48.15,51.28,2544847.0,130216748.0
stock_cn,stock_cn_kline,sh688185,1d,2026-07-13T15:00:00+08:00,,51.3,52.3,49.41,49.6,2027365.0,102210887.0
stock_cn,stock_cn_kline,sh688185,1d,2026-07-14T15:00:00+08:00,,49.87,50.63,48.46,50.45,1931437.0,96143641.0
stock_cn,stock_cn_kline,sh688185,1d,2026-07-15T15:00:00+08:00,,50.0,54.5,50.0,52.95,3498151.0,184133310.0
stock_cn,stock_cn_kline,sh688185,1d,2026-07-16T15:00:00+08:00,,52.4,53.79,51.42,52.95,2780873.0,147032075.0
stock_cn,stock_cn_kline,sh688220,1d,2026-07-02T15:00:00+08:00,,118.03,119.97,108.0,109.0,18737628.0,2132235405.0
stock_cn,stock_cn_kline,sh688220,1d,2026-07-03T15:00:00+08:00,,109.0,118.32,106.1,111.84,16606509.0,1866311661.0
stock_cn,stock_cn_kline,sh688220,1d,2026-07-06T15:00:00+08:00,,114.84,116.58,106.17,111.19,12850322.0,1427120248.0
stock_cn,stock_cn_kline,sh688220,1d,2026-07-07T15:00:00+08:00,,110.44,117.17,108.1,110.45,10635029.0,1195350688.0
stock_cn,stock_cn_kline,sh688220,1d,2026-07-08T15:00:00+08:00,,114.45,119.8,112.58,115.75,14304324.0,1664861551.0
stock_cn,stock_cn_kline,sh688220,1d,2026-07-09T15:00:00+08:00,,118.0,126.5,113.33,125.68,19592511.0,2365297789.0
stock_cn,stock_cn_kline,sh688220,1d,2026-07-10T15:00:00+08:00,,125.76,128.0,118.18,118.26,15381065.0,1914036046.0
stock_cn,stock_cn_kline,sh688220,1d,2026-07-13T15:00:00+08:00,,115.08,129.5,115.0,121.35,18452464.0,2261603532.0
stock_cn,stock_cn_kline,sh688220,1d,2026-07-14T15:00:00+08:00,,124.36,127.45,111.0,117.2,17432400.0,2054204249.0
stock_cn,stock_cn_kline,sh688220,1d,2026-07-15T15:00:00+08:00,,118.77,128.65,111.5,123.71,18126614.0,2157418017.0
stock_cn,stock_cn_kline,sh688220,1d,2026-07-16T15:00:00+08:00,,122.47,133.5,111.5,113.69,24888227.0,3014389438.0
stock_cn,stock_cn_kline,sh688261,1d,2026-07-02T15:00:00+08:00,,98.02,102.23,92.2,92.82,10935600.0,1058549283.0
stock_cn,stock_cn_kline,sh688261,1d,2026-07-03T15:00:00+08:00,,93.6,94.98,85.28,86.01,9704239.0,857998487.0
stock_cn,stock_cn_kline,sh688261,1d,2026-07-06T15:00:00+08:00,,86.98,89.78,82.88,85.17,8010396.0,692147885.0
stock_cn,stock_cn_kline,sh688261,1d,2026-07-07T15:00:00+08:00,,88.39,102.2,88.39,99.08,19326641.0,1902863506.0
stock_cn,stock_cn_kline,sh688261,1d,2026-07-08T15:00:00+08:00,,99.0,101.39,90.2,92.18,15323213.0,1452373560.0
stock_cn,stock_cn_kline,sh688261,1d,2026-07-09T15:00:00+08:00,,93.65,96.2,88.83,96.1,12045575.0,1116074473.0
stock_cn,stock_cn_kline,sh688261,1d,2026-07-10T15:00:00+08:00,,96.82,99.8,87.5,88.01,12812964.0,1209038711.0
stock_cn,stock_cn_kline,sh688261,1d,2026-07-13T15:00:00+08:00,,87.97,101.37,87.57,92.25,14881039.0,1416132869.0
stock_cn,stock_cn_kline,sh688261,1d,2026-07-14T15:00:00+08:00,,91.0,94.5,84.68,90.79,11138158.0,996803167.0
stock_cn,stock_cn_kline,sh688261,1d,2026-07-15T15:00:00+08:00,,90.0,91.38,79.0,80.48,10705502.0,894631515.0
stock_cn,stock_cn_kline,sh688261,1d,2026-07-16T15:00:00+08:00,,78.17,81.5,73.37,74.01,7363791.0,570202636.0
stock_cn,stock_cn_kline,sh688299,1d,2026-07-02T15:00:00+08:00,,16.91,17.22,16.37,16.44,7714149.0,129782271.0
stock_cn,stock_cn_kline,sh688299,1d,2026-07-03T15:00:00+08:00,,16.65,16.65,16.0,16.05,6890718.0,111609936.0
stock_cn,stock_cn_kline,sh688299,1d,2026-07-06T15:00:00+08:00,,16.15,16.19,15.15,15.2,7926995.0,123381142.0
stock_cn,stock_cn_kline,sh688299,1d,2026-07-07T15:00:00+08:00,,15.26,15.38,14.1,14.25,9630313.0,140648936.0
stock_cn,stock_cn_kline,sh688299,1d,2026-07-08T15:00:00+08:00,,14.29,14.89,13.5,13.92,10879222.0,153006712.0
stock_cn,stock_cn_kline,sh688299,1d,2026-07-09T15:00:00+08:00,,13.96,14.31,13.44,14.2,10015081.0,139149542.0
stock_cn,stock_cn_kline,sh688299,1d,2026-07-10T15:00:00+08:00,,14.2,14.6,14.0,14.01,8541073.0,122081946.0
stock_cn,stock_cn_kline,sh688299,1d,2026-07-13T15:00:00+08:00,,14.16,14.16,12.79,12.89,9217459.0,122281563.0
stock_cn,stock_cn_kline,sh688299,1d,2026-07-14T15:00:00+08:00,,13.09,13.36,12.66,13.3,7536371.0,97972203.0
stock_cn,stock_cn_kline,sh688299,1d,2026-07-15T15:00:00+08:00,,13.29,13.77,13.15,13.39,5737418.0,77001758.0
stock_cn,stock_cn_kline,sh688299,1d,2026-07-16T15:00:00+08:00,,13.14,13.44,12.89,12.99,5494855.0,72090948.0
stock_cn,stock_cn_kline,sh688333,1d,2026-07-02T15:00:00+08:00,,103.77,114.84,100.5,110.1,24648551.0,2691900697.0
stock_cn,stock_cn_kline,sh688333,1d,2026-07-03T15:00:00+08:00,,109.76,115.19,108.0,112.1,18650551.0,2089255884.0
stock_cn,stock_cn_kline,sh688333,1d,2026-07-06T15:00:00+08:00,,114.77,116.0,99.8,100.05,17909453.0,1880669078.0
stock_cn,stock_cn_kline,sh688333,1d,2026-07-07T15:00:00+08:00,,100.98,102.6,94.46,95.3,12324713.0,1205233322.0
stock_cn,stock_cn_kline,sh688333,1d,2026-07-08T15:00:00+08:00,,95.78,98.33,89.5,90.01,11547158.0,1079762111.0
stock_cn,stock_cn_kline,sh688333,1d,2026-07-09T15:00:00+08:00,,91.47,108.01,90.3,108.01,17978128.0,1797882280.0
stock_cn,stock_cn_kline,sh688333,1d,2026-07-10T15:00:00+08:00,,109.73,125.0,109.73,111.05,36163511.0,4220011515.0
stock_cn,stock_cn_kline,sh688333,1d,2026-07-13T15:00:00+08:00,,108.95,113.0,100.15,102.0,19847002.0,2108397861.0
stock_cn,stock_cn_kline,sh688333,1d,2026-07-14T15:00:00+08:00,,104.04,104.62,94.5,99.56,13530557.0,1334212173.0
stock_cn,stock_cn_kline,sh688333,1d,2026-07-15T15:00:00+08:00,,102.0,119.47,102.0,116.2,32427071.0,3777863144.0
stock_cn,stock_cn_kline,sh688333,1d,2026-07-16T15:00:00+08:00,,112.71,118.97,111.0,111.82,18901545.0,2159233920.0
stock_cn,stock_cn_kline,sh688372,1d,2026-07-02T15:00:00+08:00,,169.0,187.32,164.66,172.25,16985703.0,2998351114.0
stock_cn,stock_cn_kline,sh688372,1d,2026-07-03T15:00:00+08:00,,171.36,172.14,161.0,162.3,11699410.0,1939333747.0
stock_cn,stock_cn_kline,sh688372,1d,2026-07-06T15:00:00+08:00,,165.71,189.5,162.5,180.88,20465195.0,3586860397.0
stock_cn,stock_cn_kline,sh688372,1d,2026-07-07T15:00:00+08:00,,179.4,189.93,176.0,182.14,13253733.0,2450237208.0
stock_cn,stock_cn_kline,sh688372,1d,2026-07-08T15:00:00+08:00,,183.0,196.66,174.88,188.6,15870852.0,2980242333.0
stock_cn,stock_cn_kline,sh688372,1d,2026-07-09T15:00:00+08:00,,190.0,193.0,179.0,188.88,14300045.0,2660764449.0
stock_cn,stock_cn_kline,sh688372,1d,2026-07-10T15:00:00+08:00,,191.5,199.73,171.0,173.69,17991605.0,3355551222.0
stock_cn,stock_cn_kline,sh688372,1d,2026-07-13T15:00:00+08:00,,169.5,182.8,165.02,166.53,16895944.0,2935811523.0
stock_cn,stock_cn_kline,sh688372,1d,2026-07-14T15:00:00+08:00,,168.34,170.66,154.27,164.02,13053105.0,2117019365.0
stock_cn,stock_cn_kline,sh688372,1d,2026-07-15T15:00:00+08:00,,169.04,171.0,145.0,148.08,14474477.0,2211521187.0
stock_cn,stock_cn_kline,sh688372,1d,2026-07-16T15:00:00+08:00,,145.66,149.49,136.8,138.19,11260179.0,1607587381.0
stock_cn,stock_cn_kline,sh688418,1d,2026-07-02T15:00:00+08:00,,50.0,52.18,47.63,49.9,9831697.0,496697196.0
stock_cn,stock_cn_kline,sh688418,1d,2026-07-03T15:00:00+08:00,,49.9,52.68,49.71,52.1,9125527.0,466154680.0
stock_cn,stock_cn_kline,sh688418,1d,2026-07-06T15:00:00+08:00,,53.7,55.86,51.0,52.14,10592771.0,562703653.0
stock_cn,stock_cn_kline,sh688418,1d,2026-07-07T15:00:00+08:00,,51.71,51.71,46.73,46.78,7137168.0,348989990.0
stock_cn,stock_cn_kline,sh688418,1d,2026-07-08T15:00:00+08:00,,46.91,47.39,44.58,45.07,4707788.0,215764781.0
stock_cn,stock_cn_kline,sh688418,1d,2026-07-09T15:00:00+08:00,,45.06,47.19,43.65,46.91,4059143.0,183964798.0
stock_cn,stock_cn_kline,sh688418,1d,2026-07-10T15:00:00+08:00,,46.9,51.93,45.87,49.0,9339905.0,457751137.0
stock_cn,stock_cn_kline,sh688418,1d,2026-07-13T15:00:00+08:00,,48.41,48.41,42.53,42.89,7262313.0,324126091.0
stock_cn,stock_cn_kline,sh688418,1d,2026-07-14T15:00:00+08:00,,42.23,42.89,39.27,40.49,6086277.0,246805078.0
stock_cn,stock_cn_kline,sh688418,1d,2026-07-15T15:00:00+08:00,,41.4,41.41,39.2,39.96,2880602.0,115892529.0
stock_cn,stock_cn_kline,sh688418,1d,2026-07-16T15:00:00+08:00,,39.25,39.7,36.56,36.7,4538934.0,173342044.0
stock_cn,stock_cn_kline,sh688489,1d,2026-07-02T15:00:00+08:00,,22.6,23.46,22.12,22.16,1531601.0,34940085.0
stock_cn,stock_cn_kline,sh688489,1d,2026-07-03T15:00:00+08:00,,22.31,23.85,22.18,23.02,1845016.0,42597861.0
stock_cn,stock_cn_kline,sh688489,1d,2026-07-06T15:00:00+08:00,,23.07,23.53,22.06,22.32,1644757.0,37021060.0
stock_cn,stock_cn_kline,sh688489,1d,2026-07-07T15:00:00+08:00,,22.02,22.49,21.73,21.85,860034.0,18906574.0
stock_cn,stock_cn_kline,sh688489,1d,2026-07-08T15:00:00+08:00,,21.83,23.95,21.6,23.85,2372464.0,54705528.0
stock_cn,stock_cn_kline,sh688489,1d,2026-07-09T15:00:00+08:00,,23.32,24.17,23.02,24.04,2524117.0,59691012.0
stock_cn,stock_cn_kline,sh688489,1d,2026-07-10T15:00:00+08:00,,24.02,25.88,24.02,24.8,2766046.0,69657519.0
stock_cn,stock_cn_kline,sh688489,1d,2026-07-13T15:00:00+08:00,,24.58,25.0,23.69,24.28,2018397.0,49046168.0
stock_cn,stock_cn_kline,sh688489,1d,2026-07-14T15:00:00+08:00,,23.33,24.28,22.6,23.54,2161878.0,50287361.0
stock_cn,stock_cn_kline,sh688489,1d,2026-07-15T15:00:00+08:00,,23.36,23.89,23.11,23.52,1393458.0,32675221.0
stock_cn,stock_cn_kline,sh688489,1d,2026-07-16T15:00:00+08:00,,23.46,23.87,23.1,23.32,1347236.0,31539490.0
stock_cn,stock_cn_kline,sh688533,1d,2026-07-02T15:00:00+08:00,,21.37,22.36,21.37,21.78,1604539.0,35144254.0
stock_cn,stock_cn_kline,sh688533,1d,2026-07-03T15:00:00+08:00,,21.78,23.13,21.75,22.84,1860123.0,42104627.0
stock_cn,stock_cn_kline,sh688533,1d,2026-07-06T15:00:00+08:00,,22.83,22.85,22.26,22.3,1312126.0,29619587.0
stock_cn,stock_cn_kline,sh688533,1d,2026-07-07T15:00:00+08:00,,22.3,22.42,21.48,21.51,1009392.0,21932465.0
stock_cn,stock_cn_kline,sh688533,1d,2026-07-08T15:00:00+08:00,,21.89,21.91,21.04,21.14,959578.0,20376433.0
stock_cn,stock_cn_kline,sh688533,1d,2026-07-09T15:00:00+08:00,,21.05,21.33,20.75,21.11,1065153.0,22377150.0
stock_cn,stock_cn_kline,sh688533,1d,2026-07-10T15:00:00+08:00,,21.14,21.77,20.94,21.4,892353.0,19109826.0
stock_cn,stock_cn_kline,sh688533,1d,2026-07-13T15:00:00+08:00,,21.29,21.51,20.51,20.68,991952.0,20692460.0
stock_cn,stock_cn_kline,sh688533,1d,2026-07-14T15:00:00+08:00,,20.7,20.98,20.53,20.94,857351.0,17831099.0
stock_cn,stock_cn_kline,sh688533,1d,2026-07-15T15:00:00+08:00,,21.12,21.43,20.88,21.28,647207.0,13753251.0
stock_cn,stock_cn_kline,sh688533,1d,2026-07-16T15:00:00+08:00,,21.08,21.91,21.05,21.55,986707.0,21309974.0
stock_cn,stock_cn_kline,sh688578,1d,2026-07-02T15:00:00+08:00,,124.56,134.85,120.58,130.87,23325755.0,2963203421.0
stock_cn,stock_cn_kline,sh688578,1d,2026-07-03T15:00:00+08:00,,130.0,134.0,122.84,130.88,18505030.0,2371199890.0
stock_cn,stock_cn_kline,sh688578,1d,2026-07-06T15:00:00+08:00,,127.01,137.2,124.05,130.58,19268987.0,2533742419.0
stock_cn,stock_cn_kline,sh688578,1d,2026-07-07T15:00:00+08:00,,127.05,127.92,121.85,122.19,15678524.0,1942218371.0
stock_cn,stock_cn_kline,sh688578,1d,2026-07-08T15:00:00+08:00,,124.19,124.98,118.33,118.53,12759958.0,1535209096.0
stock_cn,stock_cn_kline,sh688578,1d,2026-07-09T15:00:00+08:00,,116.2,123.44,116.2,121.64,12911928.0,1555223768.0
stock_cn,stock_cn_kline,sh688578,1d,2026-07-10T15:00:00+08:00,,119.26,126.88,118.6,122.94,14118308.0,1749433652.0
stock_cn,stock_cn_kline,sh688578,1d,2026-07-13T15:00:00+08:00,,121.72,124.26,114.7,117.61,15010648.0,1778324333.0
stock_cn,stock_cn_kline,sh688578,1d,2026-07-14T15:00:00+08:00,,116.17,120.28,113.88,118.15,11840558.0,1390513557.0
stock_cn,stock_cn_kline,sh688578,1d,2026-07-15T15:00:00+08:00,,118.0,129.51,117.0,125.42,18072611.0,2259084802.0
stock_cn,stock_cn_kline,sh688578,1d,2026-07-16T15:00:00+08:00,,122.0,127.29,118.03,124.1,13802153.0,1694081460.0
stock_cn,stock_cn_kline,sh688613,1d,2026-07-02T15:00:00+08:00,,15.17,15.54,15.02,15.04,2595826.0,39647375.0
stock_cn,stock_cn_kline,sh688613,1d,2026-07-03T15:00:00+08:00,,15.11,15.47,14.95,15.32,2241738.0,34241016.0
stock_cn,stock_cn_kline,sh688613,1d,2026-07-06T15:00:00+08:00,,15.43,15.63,15.13,15.15,2328436.0,35702623.0
stock_cn,stock_cn_kline,sh688613,1d,2026-07-07T15:00:00+08:00,,15.23,15.23,14.69,14.72,2233118.0,33142363.0
stock_cn,stock_cn_kline,sh688613,1d,2026-07-08T15:00:00+08:00,,14.92,14.94,14.43,14.47,1753108.0,25548613.0
stock_cn,stock_cn_kline,sh688613,1d,2026-07-09T15:00:00+08:00,,14.44,15.06,14.29,14.57,2449689.0,35758111.0
stock_cn,stock_cn_kline,sh688613,1d,2026-07-10T15:00:00+08:00,,14.53,16.1,14.33,15.93,5745830.0,89696696.0
stock_cn,stock_cn_kline,sh688613,1d,2026-07-13T15:00:00+08:00,,15.7,15.84,14.9,14.93,4621672.0,70032361.0
stock_cn,stock_cn_kline,sh688613,1d,2026-07-14T15:00:00+08:00,,14.93,15.36,14.65,15.19,3211653.0,48502995.0
stock_cn,stock_cn_kline,sh688613,1d,2026-07-15T15:00:00+08:00,,15.05,16.24,15.05,15.48,5348941.0,84183179.0
stock_cn,stock_cn_kline,sh688613,1d,2026-07-16T15:00:00+08:00,,15.3,15.95,15.26,15.7,5772625.0,90551546.0
stock_cn,stock_cn_kline,sh688660,1d,2026-07-02T15:00:00+08:00,,8.55,8.86,8.38,8.42,22738399.0,195925166.0
stock_cn,stock_cn_kline,sh688660,1d,2026-07-03T15:00:00+08:00,,8.48,8.75,8.21,8.58,25578781.0,215999742.0
stock_cn,stock_cn_kline,sh688660,1d,2026-07-06T15:00:00+08:00,,8.5,8.61,8.23,8.24,15697135.0,131719266.0
stock_cn,stock_cn_kline,sh688660,1d,2026-07-07T15:00:00+08:00,,8.31,8.31,7.95,8.05,17141256.0,138243066.0
stock_cn,stock_cn_kline,sh688660,1d,2026-07-08T15:00:00+08:00,,8.05,8.05,7.77,7.82,16261753.0,127847496.0
stock_cn,stock_cn_kline,sh688660,1d,2026-07-09T15:00:00+08:00,,7.77,7.94,7.58,7.88,17298108.0,134225766.0
stock_cn,stock_cn_kline,sh688660,1d,2026-07-10T15:00:00+08:00,,7.87,9.31,7.81,8.6,47041997.0,409677499.0
stock_cn,stock_cn_kline,sh688660,1d,2026-07-13T15:00:00+08:00,,8.42,8.77,7.86,7.87,32444585.0,262699562.0
stock_cn,stock_cn_kline,sh688660,1d,2026-07-14T15:00:00+08:00,,8.1,8.5,7.56,7.67,36522999.0,287959562.0
stock_cn,stock_cn_kline,sh688660,1d,2026-07-15T15:00:00+08:00,,7.56,8.36,7.56,8.03,34467319.0,276767921.0
stock_cn,stock_cn_kline,sh688660,1d,2026-07-16T15:00:00+08:00,,7.97,8.43,7.92,8.23,28408733.0,233040214.0
stock_cn,stock_cn_kline,sh688700,1d,2026-07-02T15:00:00+08:00,,81.15,83.19,77.8,78.58,16344022.0,1309034746.0
stock_cn,stock_cn_kline,sh688700,1d,2026-07-03T15:00:00+08:00,,78.0,81.3,75.8,77.6,11407982.0,896958121.0
stock_cn,stock_cn_kline,sh688700,1d,2026-07-06T15:00:00+08:00,,78.88,82.48,75.6,78.18,11397276.0,899973139.0
stock_cn,stock_cn_kline,sh688700,1d,2026-07-07T15:00:00+08:00,,77.98,78.9,72.3,74.11,15940201.0,1193365694.0
stock_cn,stock_cn_kline,sh688700,1d,2026-07-08T15:00:00+08:00,,75.73,77.6,71.48,73.19,10706321.0,794382087.0
stock_cn,stock_cn_kline,sh688700,1d,2026-07-09T15:00:00+08:00,,75.19,76.38,71.5,76.11,13378323.0,992714097.0
stock_cn,stock_cn_kline,sh688700,1d,2026-07-10T15:00:00+08:00,,77.43,78.75,72.35,72.42,12810944.0,971628891.0
stock_cn,stock_cn_kline,sh688700,1d,2026-07-13T15:00:00+08:00,,72.59,73.56,65.13,65.8,17322771.0,1188629788.0
stock_cn,stock_cn_kline,sh688700,1d,2026-07-14T15:00:00+08:00,,65.78,71.8,65.5,70.3,13959028.0,954051775.0
stock_cn,stock_cn_kline,sh688700,1d,2026-07-15T15:00:00+08:00,,70.72,71.69,67.05,68.42,9431835.0,650238340.0
stock_cn,stock_cn_kline,sh688700,1d,2026-07-16T15:00:00+08:00,,67.06,69.36,63.14,63.9,11237745.0,738733389.0
stock_cn,stock_cn_kline,sh688772,1d,2026-07-02T15:00:00+08:00,,18.9,19.53,18.53,18.6,43414904.0,825247810.0
stock_cn,stock_cn_kline,sh688772,1d,2026-07-03T15:00:00+08:00,,18.59,20.25,18.2,19.41,63427262.0,1230228922.0
stock_cn,stock_cn_kline,sh688772,1d,2026-07-06T15:00:00+08:00,,19.4,19.77,17.89,17.93,55907495.0,1037159304.0
stock_cn,stock_cn_kline,sh688772,1d,2026-07-07T15:00:00+08:00,,18.08,18.78,18.0,18.63,41529195.0,766022955.0
stock_cn,stock_cn_kline,sh688772,1d,2026-07-08T15:00:00+08:00,,18.48,18.48,17.28,17.3,43661360.0,772969731.0
stock_cn,stock_cn_kline,sh688772,1d,2026-07-09T15:00:00+08:00,,17.33,17.5,16.54,17.33,46014766.0,782771791.0
stock_cn,stock_cn_kline,sh688772,1d,2026-07-10T15:00:00+08:00,,17.25,18.61,17.16,17.94,53348322.0,959020242.0
stock_cn,stock_cn_kline,sh688772,1d,2026-07-13T15:00:00+08:00,,17.8,17.98,15.85,15.87,42124276.0,699807141.0
stock_cn,stock_cn_kline,sh688772,1d,2026-07-14T15:00:00+08:00,,15.93,16.0,15.33,15.75,31904941.0,498500316.0
stock_cn,stock_cn_kline,sh688772,1d,2026-07-15T15:00:00+08:00,,15.71,15.94,15.1,15.4,25649705.0,396973450.0
stock_cn,stock_cn_kline,sh688772,1d,2026-07-16T15:00:00+08:00,,15.49,16.24,15.19,15.59,32009925.0,505543279.0
stock_cn,stock_cn_kline,sh688981,1d,2026-07-02T15:00:00+08:00,,146.5,151.69,141.26,144.1,94902364.0,13942694264.0
stock_cn,stock_cn_kline,sh688981,1d,2026-07-03T15:00:00+08:00,,144.89,146.45,140.2,140.31,77041178.0,11011795924.0
stock_cn,stock_cn_kline,sh688981,1d,2026-07-06T15:00:00+08:00,,143.4,147.86,135.26,143.99,89663055.0,12737144923.0
stock_cn,stock_cn_kline,sh688981,1d,2026-07-07T15:00:00+08:00,,142.0,149.51,140.16,145.42,68911732.0,10086679237.0
stock_cn,stock_cn_kline,sh688981,1d,2026-07-08T15:00:00+08:00,,148.0,156.98,142.6,152.1,100025303.0,15091486397.0
stock_cn,stock_cn_kline,sh688981,1d,2026-07-09T15:00:00+08:00,,153.68,174.51,152.1,173.0,144629617.0,23645910405.0
stock_cn,stock_cn_kline,sh688981,1d,2026-07-10T15:00:00+08:00,,173.0,176.34,162.58,163.02,112708895.0,19217464804.0
stock_cn,stock_cn_kline,sh688981,1d,2026-07-13T15:00:00+08:00,,160.01,172.44,160.01,163.58,108133330.0,17953925596.0
stock_cn,stock_cn_kline,sh688981,1d,2026-07-14T15:00:00+08:00,,165.66,166.88,150.2,160.99,116279416.0,18261641698.0
stock_cn,stock_cn_kline,sh688981,1d,2026-07-15T15:00:00+08:00,,160.0,162.78,150.25,153.64,83488259.0,12924378133.0
stock_cn,stock_cn_kline,sh688981,1d,2026-07-16T15:00:00+08:00,,146.0,160.47,145.99,151.8,84258615.0,13055294759.0
stock_cn,stock_cn_kline,sz000001,1d,2026-07-02T15:00:00+08:00,,10.2,10.36,10.17,10.28,100474867.0,1030886382.42
stock_cn,stock_cn_kline,sz000001,1d,2026-07-03T15:00:00+08:00,,10.29,10.4,10.18,10.29,86332664.0,888789393.37
stock_cn,stock_cn_kline,sz000001,1d,2026-07-06T15:00:00+08:00,,10.25,10.52,10.22,10.5,106104863.0,1103902583.44
stock_cn,stock_cn_kline,sz000001,1d,2026-07-07T15:00:00+08:00,,10.46,10.51,10.35,10.47,80522115.0,840465778.05
stock_cn,stock_cn_kline,sz000001,1d,2026-07-08T15:00:00+08:00,,10.44,10.63,10.34,10.6,95076022.0,1002624597.24
stock_cn,stock_cn_kline,sz000001,1d,2026-07-09T15:00:00+08:00,,10.55,10.59,10.43,10.49,74719101.0,785387063.07
stock_cn,stock_cn_kline,sz000001,1d,2026-07-10T15:00:00+08:00,,10.5,10.51,10.4,10.45,95732035.0,999718249.32
stock_cn,stock_cn_kline,sz000001,1d,2026-07-13T15:00:00+08:00,,10.42,10.55,10.38,10.54,92474624.0,971033144.43
stock_cn,stock_cn_kline,sz000001,1d,2026-07-14T15:00:00+08:00,,10.53,10.7,10.48,10.69,119371535.0,1267511183.68
stock_cn,stock_cn_kline,sz000001,1d,2026-07-15T15:00:00+08:00,,10.65,10.87,10.63,10.84,98142155.0,1059209085.47
stock_cn,stock_cn_kline,sz000001,1d,2026-07-16T15:00:00+08:00,,10.85,10.93,10.72,10.77,80076623.0,864435895.0
stock_cn,stock_cn_kline,sz000333,1d,2026-07-02T15:00:00+08:00,,77.61,79.26,76.98,77.01,56146785.0,4362682503.19
stock_cn,stock_cn_kline,sz000333,1d,2026-07-03T15:00:00+08:00,,77.5,79.9,77.31,77.96,55780335.0,4376620902.01
stock_cn,stock_cn_kline,sz000333,1d,2026-07-06T15:00:00+08:00,,78.6,80.15,78.0,80.0,50383690.0,4006480144.8
stock_cn,stock_cn_kline,sz000333,1d,2026-07-07T15:00:00+08:00,,79.43,80.35,78.65,79.12,34065422.0,2696340985.93
stock_cn,stock_cn_kline,sz000333,1d,2026-07-08T15:00:00+08:00,,78.75,79.96,78.33,79.41,31545922.0,2505012479.57
stock_cn,stock_cn_kline,sz000333,1d,2026-07-09T15:00:00+08:00,,79.0,79.59,78.0,79.33,30121549.0,2381427420.59
stock_cn,stock_cn_kline,sz000333,1d,2026-07-10T15:00:00+08:00,,79.14,79.3,77.86,78.99,27961858.0,2201420876.34
stock_cn,stock_cn_kline,sz000333,1d,2026-07-13T15:00:00+08:00,,78.5,80.67,78.42,80.4,47041628.0,3769459400.78
stock_cn,stock_cn_kline,sz000333,1d,2026-07-14T15:00:00+08:00,,80.43,82.0,79.91,81.18,45750333.0,3706958309.33
stock_cn,stock_cn_kline,sz000333,1d,2026-07-15T15:00:00+08:00,,81.17,82.76,80.58,82.67,33221104.0,2726356542.89
stock_cn,stock_cn_kline,sz000333,1d,2026-07-16T15:00:00+08:00,,82.15,83.45,81.8,81.8,36238235.0,2982559446.26
stock_cn,stock_cn_kline,sz000338,1d,2026-07-02T15:00:00+08:00,,27.03,27.51,26.23,26.4,96429800.0,2579242197.98
stock_cn,stock_cn_kline,sz000338,1d,2026-07-03T15:00:00+08:00,,26.47,28.73,26.21,28.14,126961523.0,3535485465.11
stock_cn,stock_cn_kline,sz000338,1d,2026-07-06T15:00:00+08:00,,29.0,30.59,29.0,29.57,147388604.0,4409706145.66
stock_cn,stock_cn_kline,sz000338,1d,2026-07-07T15:00:00+08:00,,29.31,30.68,29.31,29.72,120624958.0,3600315758.51
stock_cn,stock_cn_kline,sz000338,1d,2026-07-08T15:00:00+08:00,,29.13,29.72,27.81,27.91,85644448.0,2415224855.57
stock_cn,stock_cn_kline,sz000338,1d,2026-07-09T15:00:00+08:00,,27.95,28.35,27.01,27.84,79214816.0,2199360978.82
stock_cn,stock_cn_kline,sz000338,1d,2026-07-10T15:00:00+08:00,,28.03,28.52,27.4,27.57,87715460.0,2460997969.34
stock_cn,stock_cn_kline,sz000338,1d,2026-07-13T15:00:00+08:00,,27.49,27.68,26.26,26.6,92510036.0,2475348859.21
stock_cn,stock_cn_kline,sz000338,1d,2026-07-14T15:00:00+08:00,,26.23,27.65,25.53,27.65,104552524.0,2774738931.09
stock_cn,stock_cn_kline,sz000338,1d,2026-07-15T15:00:00+08:00,,27.44,27.8,25.5,26.45,121572668.0,3215807517.97
stock_cn,stock_cn_kline,sz000338,1d,2026-07-16T15:00:00+08:00,,26.08,26.49,25.36,25.66,88929736.0,2295334526.52
stock_cn,stock_cn_kline,sz000550,1d,2026-07-02T15:00:00+08:00,,16.27,16.64,16.22,16.37,3253000.0,53320658.16
stock_cn,stock_cn_kline,sz000550,1d,2026-07-03T15:00:00+08:00,,16.45,16.85,16.44,16.62,3755700.0,62686180.0
stock_cn,stock_cn_kline,sz000550,1d,2026-07-06T15:00:00+08:00,,16.71,17.2,16.63,16.96,4227700.0,71658037.0
stock_cn,stock_cn_kline,sz000550,1d,2026-07-07T15:00:00+08:00,,17.02,17.1,16.5,16.6,3247600.0,54532595.0
stock_cn,stock_cn_kline,sz000550,1d,2026-07-08T15:00:00+08:00,,16.61,16.88,16.38,16.56,3083049.0,51221744.11
stock_cn,stock_cn_kline,sz000550,1d,2026-07-09T15:00:00+08:00,,16.55,16.59,16.13,16.22,3199900.0,52087929.0
stock_cn,stock_cn_kline,sz000550,1d,2026-07-10T15:00:00+08:00,,16.36,16.41,15.94,16.28,3173600.0,51491164.7
stock_cn,stock_cn_kline,sz000550,1d,2026-07-13T15:00:00+08:00,,16.11,16.4,16.1,16.21,3548910.0,57749022.3
stock_cn,stock_cn_kline,sz000550,1d,2026-07-14T15:00:00+08:00,,15.65,16.13,15.5,16.01,4281400.0,68147650.0
stock_cn,stock_cn_kline,sz000550,1d,2026-07-15T15:00:00+08:00,,16.02,16.35,15.92,16.3,3641561.0,58944228.64
stock_cn,stock_cn_kline,sz000550,1d,2026-07-16T15:00:00+08:00,,16.29,16.55,16.18,16.42,3339936.0,54816075.26
stock_cn,stock_cn_kline,sz000651,1d,2026-07-02T15:00:00+08:00,,37.5,38.25,37.5,38.0,64658110.0,2453608761.33
stock_cn,stock_cn_kline,sz000651,1d,2026-07-03T15:00:00+08:00,,38.21,38.87,37.93,38.33,58954326.0,2264188102.14
stock_cn,stock_cn_kline,sz000651,1d,2026-07-06T15:00:00+08:00,,38.33,39.1,38.06,39.0,61901125.0,2395884044.8
stock_cn,stock_cn_kline,sz000651,1d,2026-07-07T15:00:00+08:00,,38.82,38.94,38.3,38.4,40120856.0,1543157518.01
stock_cn,stock_cn_kline,sz000651,1d,2026-07-08T15:00:00+08:00,,38.3,38.7,38.08,38.54,30697061.0,1180437144.21
stock_cn,stock_cn_kline,sz000651,1d,2026-07-09T15:00:00+08:00,,38.4,38.41,38.05,38.24,29216322.0,1115583386.3
stock_cn,stock_cn_kline,sz000651,1d,2026-07-10T15:00:00+08:00,,38.18,38.48,37.75,38.25,38663225.0,1475262144.54
stock_cn,stock_cn_kline,sz000651,1d,2026-07-13T15:00:00+08:00,,38.2,38.86,38.12,38.71,49507298.0,1913299397.08
stock_cn,stock_cn_kline,sz000651,1d,2026-07-14T15:00:00+08:00,,38.63,39.19,38.63,39.18,49896226.0,1942817893.26
stock_cn,stock_cn_kline,sz000651,1d,2026-07-15T15:00:00+08:00,,39.04,39.88,39.0,39.83,57960144.0,2294782157.72
stock_cn,stock_cn_kline,sz000651,1d,2026-07-16T15:00:00+08:00,,39.78,40.07,39.61,39.83,40854825.0,1627220077.19
stock_cn,stock_cn_kline,sz000739,1d,2026-07-02T15:00:00+08:00,,17.18,17.86,16.91,17.74,24365545.0,428979910.92
stock_cn,stock_cn_kline,sz000739,1d,2026-07-03T15:00:00+08:00,,17.75,18.33,17.66,18.24,19819531.0,356958402.39
stock_cn,stock_cn_kline,sz000739,1d,2026-07-06T15:00:00+08:00,,18.21,18.92,18.01,18.46,20211864.0,376423813.22
stock_cn,stock_cn_kline,sz000739,1d,2026-07-07T15:00:00+08:00,,18.41,18.54,17.92,18.03,15786048.0,287403166.32
stock_cn,stock_cn_kline,sz000739,1d,2026-07-08T15:00:00+08:00,,18.03,18.2,17.71,17.79,9314700.0,166730893.06
stock_cn,stock_cn_kline,sz000739,1d,2026-07-09T15:00:00+08:00,,17.66,18.15,17.52,17.84,8390870.0,149658331.28
stock_cn,stock_cn_kline,sz000739,1d,2026-07-10T15:00:00+08:00,,17.84,18.45,17.4,18.0,12494163.0,225331937.76
stock_cn,stock_cn_kline,sz000739,1d,2026-07-13T15:00:00+08:00,,18.04,18.59,18.0,18.19,15521087.0,283975260.05
stock_cn,stock_cn_kline,sz000739,1d,2026-07-14T15:00:00+08:00,,18.18,19.1,18.02,19.09,23246147.0,434476642.85
stock_cn,stock_cn_kline,sz000739,1d,2026-07-15T15:00:00+08:00,,18.89,21.0,18.71,20.47,48942955.0,997585911.44
stock_cn,stock_cn_kline,sz000739,1d,2026-07-16T15:00:00+08:00,,20.55,21.5,19.61,21.0,49543196.0,1027341896.81
stock_cn,stock_cn_kline,sz000848,1d,2026-07-02T15:00:00+08:00,,7.63,7.88,7.56,7.82,19866417.0,154251031.7
stock_cn,stock_cn_kline,sz000848,1d,2026-07-03T15:00:00+08:00,,7.85,8.06,7.8,7.99,14421982.0,115136768.84
stock_cn,stock_cn_kline,sz000848,1d,2026-07-06T15:00:00+08:00,,7.98,8.15,7.87,8.09,14215278.0,114559397.02
stock_cn,stock_cn_kline,sz000848,1d,2026-07-07T15:00:00+08:00,,8.11,8.11,7.99,8.06,10797759.0,87006464.64
stock_cn,stock_cn_kline,sz000848,1d,2026-07-08T15:00:00+08:00,,8.05,8.18,7.99,8.08,7789300.0,62982366.82
stock_cn,stock_cn_kline,sz000848,1d,2026-07-09T15:00:00+08:00,,8.05,8.1,7.97,8.02,10385322.0,83495012.02
stock_cn,stock_cn_kline,sz000848,1d,2026-07-10T15:00:00+08:00,,8.02,8.08,7.93,7.93,10331847.0,82527895.32
stock_cn,stock_cn_kline,sz000848,1d,2026-07-13T15:00:00+08:00,,7.94,8.24,7.92,8.09,15955135.0,129729988.32
stock_cn,stock_cn_kline,sz000848,1d,2026-07-14T15:00:00+08:00,,8.12,8.4,8.06,8.33,17695743.0,147161415.86
stock_cn,stock_cn_kline,sz000848,1d,2026-07-15T15:00:00+08:00,,8.29,8.52,8.26,8.46,14357528.0,121477562.24
stock_cn,stock_cn_kline,sz000848,1d,2026-07-16T15:00:00+08:00,,8.38,8.57,8.3,8.46,12643148.0,107044902.66
stock_cn,stock_cn_kline,sz000858,1d,2026-07-02T15:00:00+08:00,,74.94,75.44,73.34,73.5,35020556.0,2591988291.98
stock_cn,stock_cn_kline,sz000858,1d,2026-07-03T15:00:00+08:00,,73.64,74.71,72.6,73.21,33825035.0,2488093356.99
stock_cn,stock_cn_kline,sz000858,1d,2026-07-06T15:00:00+08:00,,72.91,74.57,72.64,73.76,34584259.0,2548673274.84
stock_cn,stock_cn_kline,sz000858,1d,2026-07-07T15:00:00+08:00,,73.59,73.6,71.68,71.72,35673127.0,2580655043.23
stock_cn,stock_cn_kline,sz000858,1d,2026-07-08T15:00:00+08:00,,71.7,72.27,71.22,71.48,23207769.0,1663105717.29
stock_cn,stock_cn_kline,sz000858,1d,2026-07-09T15:00:00+08:00,,71.0,71.5,70.52,70.9,24192142.0,1713141688.85
stock_cn,stock_cn_kline,sz000858,1d,2026-07-10T15:00:00+08:00,,71.11,74.31,70.69,73.69,55965462.0,4085872492.79
stock_cn,stock_cn_kline,sz000858,1d,2026-07-13T15:00:00+08:00,,73.06,73.45,72.15,72.82,30602266.0,2224717872.55
stock_cn,stock_cn_kline,sz000858,1d,2026-07-14T15:00:00+08:00,,72.51,73.49,72.38,73.4,28356827.0,2068769750.05
stock_cn,stock_cn_kline,sz000858,1d,2026-07-15T15:00:00+08:00,,72.44,76.47,72.01,76.4,63734909.0,4805702853.56
stock_cn,stock_cn_kline,sz000858,1d,2026-07-16T15:00:00+08:00,,73.33,74.59,72.6,73.9,48892065.0,3599045958.67
stock_cn,stock_cn_kline,sz000938,1d,2026-07-02T15:00:00+08:00,,29.18,30.42,28.7,29.03,217379157.0,6401919439.46
stock_cn,stock_cn_kline,sz000938,1d,2026-07-03T15:00:00+08:00,,30.5,31.59,30.22,30.28,246180310.0,7584138424.93
stock_cn,stock_cn_kline,sz000938,1d,2026-07-06T15:00:00+08:00,,30.82,33.31,29.58,33.31,315681432.0,9933778019.89
stock_cn,stock_cn_kline,sz000938,1d,2026-07-07T15:00:00+08:00,,31.66,32.66,30.9,31.48,280355891.0,8917565681.08
stock_cn,stock_cn_kline,sz000938,1d,2026-07-08T15:00:00+08:00,,34.5,34.63,33.32,33.62,479884868.0,16415139487.87
stock_cn,stock_cn_kline,sz000938,1d,2026-07-09T15:00:00+08:00,,33.33,35.75,32.82,35.68,435698684.0,14996337962.6
stock_cn,stock_cn_kline,sz000938,1d,2026-07-10T15:00:00+08:00,,36.2,39.25,36.2,38.41,482836141.0,18573421371.59
stock_cn,stock_cn_kline,sz000938,1d,2026-07-13T15:00:00+08:00,,38.43,40.28,36.5,38.4,493931758.0,19056672592.86
stock_cn,stock_cn_kline,sz000938,1d,2026-07-14T15:00:00+08:00,,38.4,39.2,34.56,36.98,463913927.0,16749070142.3
stock_cn,stock_cn_kline,sz000938,1d,2026-07-15T15:00:00+08:00,,36.95,37.64,35.1,35.53,326889242.0,11807286544.71
stock_cn,stock_cn_kline,sz000938,1d,2026-07-16T15:00:00+08:00,,34.54,39.08,34.54,38.59,451960789.0,17116810187.83
stock_cn,stock_cn_kline,sz001337,1d,2026-07-02T15:00:00+08:00,,36.78,38.58,36.3,37.46,18985071.0,711689499.11
stock_cn,stock_cn_kline,sz001337,1d,2026-07-03T15:00:00+08:00,,39.0,41.21,38.68,41.21,9846419.0,399043363.5
stock_cn,stock_cn_kline,sz001337,1d,2026-07-06T15:00:00+08:00,,40.61,42.9,39.02,39.08,30141093.0,1223801730.89
stock_cn,stock_cn_kline,sz001337,1d,2026-07-07T15:00:00+08:00,,38.33,38.5,36.7,36.76,16254785.0,609739025.75
stock_cn,stock_cn_kline,sz001337,1d,2026-07-08T15:00:00+08:00,,36.69,38.6,35.88,37.25,15964607.0,597786497.29
stock_cn,stock_cn_kline,sz001337,1d,2026-07-09T15:00:00+08:00,,36.79,38.23,36.2,37.65,14210415.0,529143249.53
stock_cn,stock_cn_kline,sz001337,1d,2026-07-10T15:00:00+08:00,,37.86,39.2,36.46,37.88,14056905.0,532553222.41
stock_cn,stock_cn_kline,sz001337,1d,2026-07-13T15:00:00+08:00,,36.85,37.25,35.45,35.51,12265314.0,443680856.68
stock_cn,stock_cn_kline,sz001337,1d,2026-07-14T15:00:00+08:00,,34.97,36.97,34.45,36.83,12344114.0,441351405.85
stock_cn,stock_cn_kline,sz001337,1d,2026-07-15T15:00:00+08:00,,37.15,37.2,35.24,35.4,10062109.0,361005086.04
stock_cn,stock_cn_kline,sz001337,1d,2026-07-16T15:00:00+08:00,,34.8,36.49,34.66,34.93,10101753.0,356598178.61
stock_cn,stock_cn_kline,sz002032,1d,2026-07-02T15:00:00+08:00,,40.82,41.85,40.59,41.64,1622859.0,67165442.93
stock_cn,stock_cn_kline,sz002032,1d,2026-07-03T15:00:00+08:00,,41.82,42.3,41.21,42.04,1511000.0,63508086.2
stock_cn,stock_cn_kline,sz002032,1d,2026-07-06T15:00:00+08:00,,42.01,43.43,41.65,43.1,1921935.0,82369435.5
stock_cn,stock_cn_kline,sz002032,1d,2026-07-07T15:00:00+08:00,,43.1,43.77,42.85,43.41,1954476.0,84783003.86
stock_cn,stock_cn_kline,sz002032,1d,2026-07-08T15:00:00+08:00,,43.35,44.43,43.19,43.93,1398705.0,61198451.73
stock_cn,stock_cn_kline,sz002032,1d,2026-07-09T15:00:00+08:00,,43.8,43.8,42.75,42.82,1733633.0,74761887.84
stock_cn,stock_cn_kline,sz002032,1d,2026-07-10T15:00:00+08:00,,42.9,43.2,42.2,42.45,1222796.0,52060150.36
stock_cn,stock_cn_kline,sz002032,1d,2026-07-13T15:00:00+08:00,,42.45,43.25,42.23,42.66,1508470.0,64651785.7
stock_cn,stock_cn_kline,sz002032,1d,2026-07-14T15:00:00+08:00,,42.96,43.8,42.51,42.95,1906300.0,82416323.0
stock_cn,stock_cn_kline,sz002032,1d,2026-07-15T15:00:00+08:00,,42.82,43.9,42.63,43.82,1063530.0,46185549.0
stock_cn,stock_cn_kline,sz002032,1d,2026-07-16T15:00:00+08:00,,43.82,44.6,43.43,44.26,1593130.0,70311398.5
stock_cn,stock_cn_kline,sz002098,1d,2026-07-02T15:00:00+08:00,,6.63,6.77,6.58,6.6,3673803.0,24503844.83
stock_cn,stock_cn_kline,sz002098,1d,2026-07-03T15:00:00+08:00,,6.66,6.82,6.61,6.76,3212900.0,21679939.06
stock_cn,stock_cn_kline,sz002098,1d,2026-07-06T15:00:00+08:00,,6.78,6.89,6.73,6.73,2636200.0,17879538.0
stock_cn,stock_cn_kline,sz002098,1d,2026-07-07T15:00:00+08:00,,6.73,6.77,6.51,6.55,2349202.0,15501443.1
stock_cn,stock_cn_kline,sz002098,1d,2026-07-08T15:00:00+08:00,,6.57,6.6,6.42,6.52,2813600.0,18294012.0
stock_cn,stock_cn_kline,sz002098,1d,2026-07-09T15:00:00+08:00,,6.44,6.49,6.25,6.36,2598400.0,16454976.0
stock_cn,stock_cn_kline,sz002098,1d,2026-07-10T15:00:00+08:00,,6.29,6.57,6.22,6.46,3476800.0,22416281.0
stock_cn,stock_cn_kline,sz002098,1d,2026-07-13T15:00:00+08:00,,6.48,6.48,6.31,6.33,3269400.0,20840496.0
stock_cn,stock_cn_kline,sz002098,1d,2026-07-14T15:00:00+08:00,,6.32,6.47,6.2,6.46,3255800.0,20734085.0
stock_cn,stock_cn_kline,sz002098,1d,2026-07-15T15:00:00+08:00,,6.47,6.6,6.39,6.56,2914200.0,19038333.0
stock_cn,stock_cn_kline,sz002098,1d,2026-07-16T15:00:00+08:00,,6.56,6.74,6.47,6.68,3343700.0,22225254.0
stock_cn,stock_cn_kline,sz002164,1d,2026-07-02T15:00:00+08:00,,11.99,12.64,11.93,12.03,24412181.0,299512568.41
stock_cn,stock_cn_kline,sz002164,1d,2026-07-03T15:00:00+08:00,,12.03,13.2,11.98,12.91,32203261.0,410928155.12
stock_cn,stock_cn_kline,sz002164,1d,2026-07-06T15:00:00+08:00,,12.7,12.8,11.85,11.88,24279783.0,297133049.86
stock_cn,stock_cn_kline,sz002164,1d,2026-07-07T15:00:00+08:00,,11.9,12.68,11.86,12.03,15022217.0,182650956.08
stock_cn,stock_cn_kline,sz002164,1d,2026-07-08T15:00:00+08:00,,11.82,11.82,11.23,11.23,14227751.0,162550822.77
stock_cn,stock_cn_kline,sz002164,1d,2026-07-09T15:00:00+08:00,,11.21,11.43,10.76,11.22,12163119.0,134574825.57
stock_cn,stock_cn_kline,sz002164,1d,2026-07-10T15:00:00+08:00,,11.23,11.75,11.11,11.32,13380260.0,152658668.51
stock_cn,stock_cn_kline,sz002164,1d,2026-07-13T15:00:00+08:00,,11.15,11.2,10.44,10.52,11731258.0,126720975.54
stock_cn,stock_cn_kline,sz002164,1d,2026-07-14T15:00:00+08:00,,10.52,10.82,10.2,10.71,7441474.0,78401668.14
stock_cn,stock_cn_kline,sz002164,1d,2026-07-15T15:00:00+08:00,,10.82,11.08,10.77,10.86,6482803.0,70823993.73
stock_cn,stock_cn_kline,sz002164,1d,2026-07-16T15:00:00+08:00,,10.7,11.03,10.66,10.76,5566100.0,60415497.0
stock_cn,stock_cn_kline,sz002227,1d,2026-07-02T15:00:00+08:00,,6.86,7.08,6.77,6.88,4064200.0,28247020.0
stock_cn,stock_cn_kline,sz002227,1d,2026-07-03T15:00:00+08:00,,6.86,6.99,6.83,6.88,3132000.0,21592873.0
stock_cn,stock_cn_kline,sz002227,1d,2026-07-06T15:00:00+08:00,,6.85,7.1,6.82,6.84,2393800.0,16622005.0
stock_cn,stock_cn_kline,sz002227,1d,2026-07-07T15:00:00+08:00,,6.75,6.8,6.27,6.33,3912100.0,25296473.97
stock_cn,stock_cn_kline,sz002227,1d,2026-07-08T15:00:00+08:00,,6.32,6.42,6.21,6.33,3049100.0,19229265.0
stock_cn,stock_cn_kline,sz002227,1d,2026-07-09T15:00:00+08:00,,6.35,6.48,6.19,6.23,3431600.0,21636090.0
stock_cn,stock_cn_kline,sz002227,1d,2026-07-10T15:00:00+08:00,,6.21,6.46,6.1,6.46,3334900.0,21104342.0
stock_cn,stock_cn_kline,sz002227,1d,2026-07-13T15:00:00+08:00,,6.44,6.5,6.1,6.2,3755800.0,23466945.0
stock_cn,stock_cn_kline,sz002227,1d,2026-07-14T15:00:00+08:00,,6.17,6.32,6.13,6.3,2528600.0,15739476.0
stock_cn,stock_cn_kline,sz002227,1d,2026-07-15T15:00:00+08:00,,6.28,6.46,6.25,6.35,3402200.0,21604409.0
stock_cn,stock_cn_kline,sz002227,1d,2026-07-16T15:00:00+08:00,,6.3,6.51,6.29,6.37,2759000.0,17658076.0
stock_cn,stock_cn_kline,sz002294,1d,2026-07-02T15:00:00+08:00,,34.48,36.84,34.26,36.44,63927032.0,2292188833.2
stock_cn,stock_cn_kline,sz002294,1d,2026-07-03T15:00:00+08:00,,37.0,40.08,36.52,40.08,64877282.0,2505207346.22
stock_cn,stock_cn_kline,sz002294,1d,2026-07-06T15:00:00+08:00,,40.0,44.0,39.0,39.83,79866013.0,3305309254.72
stock_cn,stock_cn_kline,sz002294,1d,2026-07-07T15:00:00+08:00,,39.69,39.79,36.73,38.71,63263537.0,2426292678.43
stock_cn,stock_cn_kline,sz002294,1d,2026-07-08T15:00:00+08:00,,38.02,38.85,35.8,36.0,48143355.0,1784472513.19
stock_cn,stock_cn_kline,sz002294,1d,2026-07-09T15:00:00+08:00,,35.97,37.73,34.0,35.21,56183859.0,1997386159.18
stock_cn,stock_cn_kline,sz002294,1d,2026-07-10T15:00:00+08:00,,34.56,38.51,34.0,37.13,56314289.0,2059037657.27
stock_cn,stock_cn_kline,sz002294,1d,2026-07-13T15:00:00+08:00,,36.71,37.15,34.87,35.08,38981550.0,1395968966.61
stock_cn,stock_cn_kline,sz002294,1d,2026-07-14T15:00:00+08:00,,35.2,37.3,34.44,36.33,39769496.0,1430471668.61
stock_cn,stock_cn_kline,sz002294,1d,2026-07-15T15:00:00+08:00,,36.28,39.08,36.07,38.65,55880020.0,2130763726.11
stock_cn,stock_cn_kline,sz002294,1d,2026-07-16T15:00:00+08:00,,38.09,42.2,36.8,41.37,65882843.0,2606658742.01
stock_cn,stock_cn_kline,sz002361,1d,2026-07-02T15:00:00+08:00,,14.7,15.53,14.47,14.74,142565568.0,2149144744.49
stock_cn,stock_cn_kline,sz002361,1d,2026-07-03T15:00:00+08:00,,14.6,15.49,14.2,14.21,136288813.0,2001011904.77
stock_cn,stock_cn_kline,sz002361,1d,2026-07-06T15:00:00+08:00,,14.49,14.98,12.79,12.79,141740284.0,1935367518.61
stock_cn,stock_cn_kline,sz002361,1d,2026-07-07T15:00:00+08:00,,12.38,12.88,11.91,11.96,131046089.0,1608205156.68
stock_cn,stock_cn_kline,sz002361,1d,2026-07-08T15:00:00+08:00,,11.97,12.06,11.33,11.34,94989917.0,1101516786.51
stock_cn,stock_cn_kline,sz002361,1d,2026-07-09T15:00:00+08:00,,11.39,11.6,10.96,11.57,76795521.0,868756793.55
stock_cn,stock_cn_kline,sz002361,1d,2026-07-10T15:00:00+08:00,,11.69,12.73,11.44,12.73,88148907.0,1070588622.83
stock_cn,stock_cn_kline,sz002361,1d,2026-07-13T15:00:00+08:00,,12.86,12.86,11.46,11.46,118070222.0,1375007850.17
stock_cn,stock_cn_kline,sz002361,1d,2026-07-14T15:00:00+08:00,,11.0,11.07,10.31,10.81,135233245.0,1425923143.11
stock_cn,stock_cn_kline,sz002361,1d,2026-07-15T15:00:00+08:00,,10.77,11.0,10.44,10.62,97005578.0,1045129203.19
stock_cn,stock_cn_kline,sz002361,1d,2026-07-16T15:00:00+08:00,,10.51,10.73,10.25,10.3,63113318.0,658246329.93
stock_cn,stock_cn_kline,sz002425,1d,2026-07-02T15:00:00+08:00,,2.68,2.9,2.68,2.73,29419525.0,81519449.25
stock_cn,stock_cn_kline,sz002425,1d,2026-07-03T15:00:00+08:00,,2.71,2.82,2.69,2.77,21760303.0,59874451.96
stock_cn,stock_cn_kline,sz002425,1d,2026-07-06T15:00:00+08:00,,2.77,2.81,2.69,2.7,18581803.0,50915821.75
stock_cn,stock_cn_kline,sz002425,1d,2026-07-07T15:00:00+08:00,,2.69,2.88,2.64,2.68,29293900.0,80036543.0
stock_cn,stock_cn_kline,sz002425,1d,2026-07-08T15:00:00+08:00,,2.66,2.68,2.59,2.64,23225300.0,61146309.0
stock_cn,stock_cn_kline,sz002425,1d,2026-07-09T15:00:00+08:00,,2.61,2.72,2.59,2.68,20320425.0,54168727.5
stock_cn,stock_cn_kline,sz002425,1d,2026-07-10T15:00:00+08:00,,2.67,2.82,2.6,2.75,32026426.0,88175856.02
stock_cn,stock_cn_kline,sz002425,1d,2026-07-13T15:00:00+08:00,,2.73,2.78,2.55,2.58,33053880.0,86457336.8
stock_cn,stock_cn_kline,sz002425,1d,2026-07-14T15:00:00+08:00,,2.57,2.66,2.53,2.65,23315100.0,60681678.0
stock_cn,stock_cn_kline,sz002425,1d,2026-07-15T15:00:00+08:00,,2.64,2.76,2.62,2.72,27969789.0,76129437.46
stock_cn,stock_cn_kline,sz002425,1d,2026-07-16T15:00:00+08:00,,2.72,2.78,2.65,2.73,26738700.0,73082642.0
stock_cn,stock_cn_kline,sz002494,1d,2026-07-02T15:00:00+08:00,,4.62,4.79,4.55,4.6,12843300.0,59784069.0
stock_cn,stock_cn_kline,sz002494,1d,2026-07-03T15:00:00+08:00,,4.65,4.78,4.6,4.73,12880100.0,60543856.0
stock_cn,stock_cn_kline,sz002494,1d,2026-07-06T15:00:00+08:00,,4.7,4.88,4.69,4.72,10959200.0,52058352.0
stock_cn,stock_cn_kline,sz002494,1d,2026-07-07T15:00:00+08:00,,4.66,4.72,4.51,4.54,10105702.0,46269540.1
stock_cn,stock_cn_kline,sz002494,1d,2026-07-08T15:00:00+08:00,,4.53,4.59,4.41,4.56,11916900.0,53810317.0
stock_cn,stock_cn_kline,sz002494,1d,2026-07-09T15:00:00+08:00,,4.5,4.6,4.4,4.55,9670121.0,43545410.65
stock_cn,stock_cn_kline,sz002494,1d,2026-07-10T15:00:00+08:00,,4.46,4.7,4.41,4.61,11060447.0,50849474.3
stock_cn,stock_cn_kline,sz002494,1d,2026-07-13T15:00:00+08:00,,4.55,4.65,4.42,4.46,10020900.0,45034113.99
stock_cn,stock_cn_kline,sz002494,1d,2026-07-14T15:00:00+08:00,,4.44,4.59,4.35,4.57,11468100.0,51367054.0
stock_cn,stock_cn_kline,sz002494,1d,2026-07-15T15:00:00+08:00,,4.56,4.63,4.46,4.56,11316524.0,51619813.44
stock_cn,stock_cn_kline,sz002494,1d,2026-07-16T15:00:00+08:00,,4.55,4.67,4.48,4.61,9696200.0,44620862.0
stock_cn,stock_cn_kline,sz002563,1d,2026-07-02T15:00:00+08:00,,5.23,5.38,5.23,5.35,16232583.0,86402701.88
stock_cn,stock_cn_kline,sz002563,1d,2026-07-03T15:00:00+08:00,,5.38,5.57,5.36,5.55,20328300.0,111418466.0
stock_cn,stock_cn_kline,sz002563,1d,2026-07-06T15:00:00+08:00,,5.55,5.75,5.48,5.72,25346384.0,143754044.49
stock_cn,stock_cn_kline,sz002563,1d,2026-07-07T15:00:00+08:00,,5.72,5.77,5.62,5.65,15564544.0,88225017.0
stock_cn,stock_cn_kline,sz002563,1d,2026-07-08T15:00:00+08:00,,5.64,5.74,5.57,5.67,15159778.0,85844057.51
stock_cn,stock_cn_kline,sz002563,1d,2026-07-09T15:00:00+08:00,,5.67,5.68,5.54,5.58,13417157.0,75228787.19
stock_cn,stock_cn_kline,sz002563,1d,2026-07-10T15:00:00+08:00,,5.58,5.6,5.49,5.54,14225958.0,78675448.74
stock_cn,stock_cn_kline,sz002563,1d,2026-07-13T15:00:00+08:00,,5.51,5.59,5.47,5.51,16765000.0,92797010.0
stock_cn,stock_cn_kline,sz002563,1d,2026-07-14T15:00:00+08:00,,5.48,5.82,5.47,5.74,20354915.0,115481405.37
stock_cn,stock_cn_kline,sz002563,1d,2026-07-15T15:00:00+08:00,,5.68,5.77,5.54,5.67,22639300.0,127874517.6
stock_cn,stock_cn_kline,sz002563,1d,2026-07-16T15:00:00+08:00,,5.65,5.74,5.56,5.6,15174499.0,85114626.33
stock_cn,stock_cn_kline,sz002629,1d,2026-07-02T15:00:00+08:00,,4.54,4.74,4.52,4.6,19122400.0,88629441.0
stock_cn,stock_cn_kline,sz002629,1d,2026-07-03T15:00:00+08:00,,4.58,4.7,4.58,4.67,13859900.0,64502434.0
stock_cn,stock_cn_kline,sz002629,1d,2026-07-06T15:00:00+08:00,,4.67,4.73,4.57,4.58,12953000.0,59941398.0
stock_cn,stock_cn_kline,sz002629,1d,2026-07-07T15:00:00+08:00,,4.54,4.59,4.42,4.45,13481300.0,60297722.0
stock_cn,stock_cn_kline,sz002629,1d,2026-07-08T15:00:00+08:00,,4.48,4.5,4.31,4.4,10854300.0,47632220.0
stock_cn,stock_cn_kline,sz002629,1d,2026-07-09T15:00:00+08:00,,4.4,4.51,4.29,4.37,13309200.0,58362386.0
stock_cn,stock_cn_kline,sz002629,1d,2026-07-10T15:00:00+08:00,,4.35,4.75,4.29,4.56,21379700.0,97678578.0
stock_cn,stock_cn_kline,sz002629,1d,2026-07-13T15:00:00+08:00,,4.59,4.62,4.3,4.3,15390700.0,67806417.0
stock_cn,stock_cn_kline,sz002629,1d,2026-07-14T15:00:00+08:00,,4.38,4.42,4.23,4.42,15976300.0,69492401.0
stock_cn,stock_cn_kline,sz002629,1d,2026-07-15T15:00:00+08:00,,4.33,4.54,4.3,4.41,13290500.0,58788660.0
stock_cn,stock_cn_kline,sz002629,1d,2026-07-16T15:00:00+08:00,,4.35,4.51,4.33,4.42,12565300.0,55737639.0
stock_cn,stock_cn_kline,sz002772,1d,2026-07-02T15:00:00+08:00,,11.91,13.07,11.91,12.8,19547926.0,242930425.8
stock_cn,stock_cn_kline,sz002772,1d,2026-07-03T15:00:00+08:00,,12.61,14.06,12.47,13.88,33326647.0,443459545.57
stock_cn,stock_cn_kline,sz002772,1d,2026-07-06T15:00:00+08:00,,13.58,13.8,12.73,13.11,26015920.0,343609737.91
stock_cn,stock_cn_kline,sz002772,1d,2026-07-07T15:00:00+08:00,,13.1,13.44,12.59,12.64,13549626.0,174709406.86
stock_cn,stock_cn_kline,sz002772,1d,2026-07-08T15:00:00+08:00,,12.6,13.31,12.28,12.99,17919825.0,230759052.1
stock_cn,stock_cn_kline,sz002772,1d,2026-07-09T15:00:00+08:00,,12.8,12.85,12.17,12.6,14971800.0,186464039.0
stock_cn,stock_cn_kline,sz002772,1d,2026-07-10T15:00:00+08:00,,12.45,13.05,12.2,12.72,11595300.0,146824139.0
stock_cn,stock_cn_kline,sz002772,1d,2026-07-13T15:00:00+08:00,,12.8,13.18,12.62,13.13,14302605.0,184824136.4
stock_cn,stock_cn_kline,sz002772,1d,2026-07-14T15:00:00+08:00,,12.86,13.19,12.56,13.09,14250969.0,183261822.91
stock_cn,stock_cn_kline,sz002772,1d,2026-07-15T15:00:00+08:00,,11.89,12.3,11.78,11.78,18310608.0,216419987.71
stock_cn,stock_cn_kline,sz002772,1d,2026-07-16T15:00:00+08:00,,11.2,11.25,10.6,10.6,27727038.0,298784109.75
stock_cn,stock_cn_kline,sz002842,1d,2026-07-02T15:00:00+08:00,,44.2,50.17,43.6,50.17,58167145.0,2800589265.09
stock_cn,stock_cn_kline,sz002842,1d,2026-07-03T15:00:00+08:00,,50.06,50.06,45.15,45.15,66098152.0,3041686297.18
stock_cn,stock_cn_kline,sz002842,1d,2026-07-06T15:00:00+08:00,,44.99,45.3,40.64,40.64,46078578.0,1957205741.3
stock_cn,stock_cn_kline,sz002842,1d,2026-07-07T15:00:00+08:00,,39.35,40.6,37.52,37.69,37556840.0,1456876428.12
stock_cn,stock_cn_kline,sz002842,1d,2026-07-08T15:00:00+08:00,,37.7,38.68,35.76,36.08,26714796.0,983152428.4
stock_cn,stock_cn_kline,sz002842,1d,2026-07-09T15:00:00+08:00,,36.4,37.22,34.34,36.3,31624351.0,1130399824.74
stock_cn,stock_cn_kline,sz002842,1d,2026-07-10T15:00:00+08:00,,36.06,37.33,35.29,35.35,32341944.0,1172185878.79
stock_cn,stock_cn_kline,sz002842,1d,2026-07-13T15:00:00+08:00,,37.5,38.77,36.73,37.17,67742024.0,2552248402.32
stock_cn,stock_cn_kline,sz002842,1d,2026-07-14T15:00:00+08:00,,36.92,38.88,36.13,38.23,63735184.0,2406574470.93
stock_cn,stock_cn_kline,sz002842,1d,2026-07-15T15:00:00+08:00,,38.23,38.56,35.65,35.96,44006038.0,1614609833.68
stock_cn,stock_cn_kline,sz002842,1d,2026-07-16T15:00:00+08:00,,34.81,36.02,34.02,34.43,30487771.0,1063572482.55
stock_cn,stock_cn_kline,sz002909,1d,2026-07-02T15:00:00+08:00,,5.05,5.16,4.97,4.99,10988361.0,55460803.09
stock_cn,stock_cn_kline,sz002909,1d,2026-07-03T15:00:00+08:00,,5.06,5.08,4.91,5.03,9216300.0,46078607.0
stock_cn,stock_cn_kline,sz002909,1d,2026-07-06T15:00:00+08:00,,5.03,5.14,4.93,4.96,6993756.0,35044444.88
stock_cn,stock_cn_kline,sz002909,1d,2026-07-07T15:00:00+08:00,,4.95,4.98,4.8,4.81,6993300.0,33946144.0
stock_cn,stock_cn_kline,sz002909,1d,2026-07-08T15:00:00+08:00,,4.81,4.81,4.66,4.74,7508438.0,35562309.22
stock_cn,stock_cn_kline,sz002909,1d,2026-07-09T15:00:00+08:00,,4.74,4.8,4.6,4.75,6952529.0,32666658.8
stock_cn,stock_cn_kline,sz002909,1d,2026-07-10T15:00:00+08:00,,4.75,4.93,4.67,4.8,8483711.0,40925348.91
stock_cn,stock_cn_kline,sz002909,1d,2026-07-13T15:00:00+08:00,,4.8,4.84,4.57,4.59,7977660.0,37174093.2
stock_cn,stock_cn_kline,sz002909,1d,2026-07-14T15:00:00+08:00,,4.6,4.75,4.5,4.74,8278800.0,38389876.0
stock_cn,stock_cn_kline,sz002909,1d,2026-07-15T15:00:00+08:00,,4.73,4.89,4.69,4.79,7974700.0,38272215.0
stock_cn,stock_cn_kline,sz002909,1d,2026-07-16T15:00:00+08:00,,4.79,4.94,4.72,4.83,5815980.0,28188930.0
stock_cn,stock_cn_kline,sz002978,1d,2026-07-02T15:00:00+08:00,,27.49,27.49,26.78,26.87,4020246.0,108991196.12
stock_cn,stock_cn_kline,sz002978,1d,2026-07-03T15:00:00+08:00,,27.06,27.23,26.46,26.68,3795913.0,101651656.11
stock_cn,stock_cn_kline,sz002978,1d,2026-07-06T15:00:00+08:00,,26.7,27.3,26.49,26.62,3346104.0,89665704.67
stock_cn,stock_cn_kline,sz002978,1d,2026-07-07T15:00:00+08:00,,26.6,26.62,25.83,25.9,2812003.0,73337699.5
stock_cn,stock_cn_kline,sz002978,1d,2026-07-08T15:00:00+08:00,,25.81,25.9,25.33,25.71,2236800.0,57359354.0
stock_cn,stock_cn_kline,sz002978,1d,2026-07-09T15:00:00+08:00,,25.62,25.83,25.01,25.39,2703530.0,68565693.71
stock_cn,stock_cn_kline,sz002978,1d,2026-07-10T15:00:00+08:00,,25.51,26.06,25.14,25.6,3086505.0,78928625.05
stock_cn,stock_cn_kline,sz002978,1d,2026-07-13T15:00:00+08:00,,25.4,25.74,25.01,25.06,2874439.0,72548157.99
stock_cn,stock_cn_kline,sz002978,1d,2026-07-14T15:00:00+08:00,,25.1,25.8,24.92,25.58,3289029.0,83715974.91
stock_cn,stock_cn_kline,sz002978,1d,2026-07-15T15:00:00+08:00,,25.47,26.15,25.29,26.04,3179153.0,81949707.21
stock_cn,stock_cn_kline,sz002978,1d,2026-07-16T15:00:00+08:00,,25.85,26.35,25.7,26.19,2490004.0,64818960.53
stock_cn,stock_cn_kline,sz003816,1d,2026-07-02T15:00:00+08:00,,3.86,3.9,3.81,3.85,108757649.0,418141569.69
stock_cn,stock_cn_kline,sz003816,1d,2026-07-03T15:00:00+08:00,,3.84,3.9,3.83,3.89,86894867.0,336694709.89
stock_cn,stock_cn_kline,sz003816,1d,2026-07-06T15:00:00+08:00,,3.89,3.93,3.85,3.89,94086210.0,366477617.32
stock_cn,stock_cn_kline,sz003816,1d,2026-07-07T15:00:00+08:00,,3.9,3.9,3.8,3.82,84635852.0,324433429.95
stock_cn,stock_cn_kline,sz003816,1d,2026-07-08T15:00:00+08:00,,3.82,3.9,3.79,3.88,93709600.0,361739455.0
stock_cn,stock_cn_kline,sz003816,1d,2026-07-09T15:00:00+08:00,,3.86,3.92,3.84,3.92,95303800.0,370358417.0
stock_cn,stock_cn_kline,sz003816,1d,2026-07-10T15:00:00+08:00,,3.85,3.89,3.78,3.86,107930369.0,415256255.82
stock_cn,stock_cn_kline,sz003816,1d,2026-07-13T15:00:00+08:00,,3.84,3.9,3.83,3.87,91370800.0,353115935.0
stock_cn,stock_cn_kline,sz003816,1d,2026-07-14T15:00:00+08:00,,3.87,3.95,3.84,3.9,133121709.0,520295619.1
stock_cn,stock_cn_kline,sz003816,1d,2026-07-15T15:00:00+08:00,,3.9,3.94,3.86,3.93,95726300.0,374784448.0
stock_cn,stock_cn_kline,sz003816,1d,2026-07-16T15:00:00+08:00,,3.92,3.95,3.87,3.88,96016201.0,374779184.79
stock_cn,stock_cn_kline,sz300001,1d,2026-07-02T15:00:00+08:00,,34.38,35.1,33.58,33.81,28053243.0,959971203.5
stock_cn,stock_cn_kline,sz300001,1d,2026-07-03T15:00:00+08:00,,34.0,35.19,33.6,33.84,20434654.0,699925515.85
stock_cn,stock_cn_kline,sz300001,1d,2026-07-06T15:00:00+08:00,,34.29,35.97,34.0,34.44,23747307.0,828365949.04
stock_cn,stock_cn_kline,sz300001,1d,2026-07-07T15:00:00+08:00,,34.5,35.23,34.09,34.36,16098529.0,555976933.74
stock_cn,stock_cn_kline,sz300001,1d,2026-07-08T15:00:00+08:00,,34.36,35.5,32.88,32.93,19769999.0,665853220.83
stock_cn,stock_cn_kline,sz300001,1d,2026-07-09T15:00:00+08:00,,33.2,33.25,31.62,32.92,22161619.0,715978543.68
stock_cn,stock_cn_kline,sz300001,1d,2026-07-10T15:00:00+08:00,,33.19,33.5,32.17,32.17,19575984.0,638442170.68
stock_cn,stock_cn_kline,sz300001,1d,2026-07-13T15:00:00+08:00,,32.18,33.23,30.9,31.05,20291271.0,648220325.78
stock_cn,stock_cn_kline,sz300001,1d,2026-07-14T15:00:00+08:00,,31.06,31.95,30.21,31.76,21601335.0,670240044.77
stock_cn,stock_cn_kline,sz300001,1d,2026-07-15T15:00:00+08:00,,31.79,33.61,31.4,32.28,26010875.0,854085157.79
stock_cn,stock_cn_kline,sz300001,1d,2026-07-16T15:00:00+08:00,,32.77,32.88,30.94,31.28,19485393.0,611956426.37
stock_cn,stock_cn_kline,sz300054,1d,2026-07-02T15:00:00+08:00,,95.68,98.37,90.85,93.37,58809493.0,5564015199.5
stock_cn,stock_cn_kline,sz300054,1d,2026-07-03T15:00:00+08:00,,92.99,93.71,88.21,89.88,47089713.0,4265565281.28
stock_cn,stock_cn_kline,sz300054,1d,2026-07-06T15:00:00+08:00,,91.67,92.96,86.88,90.56,42593724.0,3835882478.77
stock_cn,stock_cn_kline,sz300054,1d,2026-07-07T15:00:00+08:00,,89.0,92.55,87.51,91.26,36747607.0,3340085535.15
stock_cn,stock_cn_kline,sz300054,1d,2026-07-08T15:00:00+08:00,,91.26,92.38,83.0,89.36,51749313.0,4561736267.21
stock_cn,stock_cn_kline,sz300054,1d,2026-07-09T15:00:00+08:00,,91.59,96.18,90.01,95.99,56647192.0,5285896671.23
stock_cn,stock_cn_kline,sz300054,1d,2026-07-10T15:00:00+08:00,,96.0,98.0,82.88,83.1,98034184.0,8889697827.75
stock_cn,stock_cn_kline,sz300054,1d,2026-07-13T15:00:00+08:00,,83.85,84.84,79.27,79.92,53948508.0,4435714295.3
stock_cn,stock_cn_kline,sz300054,1d,2026-07-14T15:00:00+08:00,,81.35,83.65,77.01,82.6,45170554.0,3645363100.59
stock_cn,stock_cn_kline,sz300054,1d,2026-07-15T15:00:00+08:00,,83.85,84.56,77.33,77.92,36976122.0,2951033672.57
stock_cn,stock_cn_kline,sz300054,1d,2026-07-16T15:00:00+08:00,,75.55,78.2,71.95,72.5,44959682.0,3360706769.16
stock_cn,stock_cn_kline,sz300109,1d,2026-07-02T15:00:00+08:00,,15.74,16.39,15.56,15.78,15646564.0,250346869.4
stock_cn,stock_cn_kline,sz300109,1d,2026-07-03T15:00:00+08:00,,15.78,16.06,15.71,15.81,10175588.0,161630942.42
stock_cn,stock_cn_kline,sz300109,1d,2026-07-06T15:00:00+08:00,,15.81,16.15,15.63,15.69,10788103.0,171116824.79
stock_cn,stock_cn_kline,sz300109,1d,2026-07-07T15:00:00+08:00,,15.6,15.76,15.23,15.28,9843650.0,152023398.57
stock_cn,stock_cn_kline,sz300109,1d,2026-07-08T15:00:00+08:00,,15.23,15.34,14.37,14.41,11291964.0,165845686.12
stock_cn,stock_cn_kline,sz300109,1d,2026-07-09T15:00:00+08:00,,14.37,14.44,13.71,14.2,10104334.0,142107597.48
stock_cn,stock_cn_kline,sz300109,1d,2026-07-10T15:00:00+08:00,,14.17,14.34,13.9,14.06,6856345.0,96993788.75
stock_cn,stock_cn_kline,sz300109,1d,2026-07-13T15:00:00+08:00,,14.0,14.05,12.89,13.02,12962114.0,172797597.17
stock_cn,stock_cn_kline,sz300109,1d,2026-07-14T15:00:00+08:00,,13.0,13.29,12.8,13.23,6415802.0,84017643.26
stock_cn,stock_cn_kline,sz300109,1d,2026-07-15T15:00:00+08:00,,13.45,13.69,13.23,13.33,5701632.0,76857679.75
stock_cn,stock_cn_kline,sz300109,1d,2026-07-16T15:00:00+08:00,,13.27,13.32,13.0,13.08,4697238.0,61756576.6
stock_cn,stock_cn_kline,sz300162,1d,2026-07-02T15:00:00+08:00,,12.68,12.98,12.15,12.42,53471103.0,673123795.47
stock_cn,stock_cn_kline,sz300162,1d,2026-07-03T15:00:00+08:00,,12.59,12.91,11.92,12.18,46837700.0,575812059.82
stock_cn,stock_cn_kline,sz300162,1d,2026-07-06T15:00:00+08:00,,12.1,12.1,10.9,11.06,54168350.0,615771377.12
stock_cn,stock_cn_kline,sz300162,1d,2026-07-07T15:00:00+08:00,,11.07,11.49,10.54,10.74,41571800.0,453847787.86
stock_cn,stock_cn_kline,sz300162,1d,2026-07-08T15:00:00+08:00,,10.88,11.28,10.29,10.9,57959857.0,626746720.59
stock_cn,stock_cn_kline,sz300162,1d,2026-07-09T15:00:00+08:00,,10.99,11.34,10.05,11.25,65551699.0,709001385.14
stock_cn,stock_cn_kline,sz300162,1d,2026-07-10T15:00:00+08:00,,11.01,11.57,10.57,10.57,59973237.0,670057441.11
stock_cn,stock_cn_kline,sz300162,1d,2026-07-13T15:00:00+08:00,,10.12,10.18,8.88,8.92,55984092.0,530001916.61
stock_cn,stock_cn_kline,sz300162,1d,2026-07-14T15:00:00+08:00,,8.94,9.42,8.61,9.33,44949816.0,405407069.79
stock_cn,stock_cn_kline,sz300162,1d,2026-07-15T15:00:00+08:00,,9.34,9.35,8.52,8.59,42073800.0,371083497.72
stock_cn,stock_cn_kline,sz300162,1d,2026-07-16T15:00:00+08:00,,8.4,8.68,8.1,8.17,34921086.0,292104410.01
stock_cn,stock_cn_kline,sz300217,1d,2026-07-02T15:00:00+08:00,,4.33,4.39,4.28,4.29,26571400.0,115283192.0
stock_cn,stock_cn_kline,sz300217,1d,2026-07-03T15:00:00+08:00,,4.29,4.57,4.28,4.5,39768165.0,176751029.96
stock_cn,stock_cn_kline,sz300217,1d,2026-07-06T15:00:00+08:00,,4.47,4.61,4.35,4.37,32057680.0,142755229.6
stock_cn,stock_cn_kline,sz300217,1d,2026-07-07T15:00:00+08:00,,4.37,4.39,4.2,4.24,19761214.0,84434009.32
stock_cn,stock_cn_kline,sz300217,1d,2026-07-08T15:00:00+08:00,,4.24,4.24,4.13,4.13,20539000.0,85504648.0
stock_cn,stock_cn_kline,sz300217,1d,2026-07-09T15:00:00+08:00,,4.13,4.16,4.05,4.15,22754600.0,93437986.0
stock_cn,stock_cn_kline,sz300217,1d,2026-07-10T15:00:00+08:00,,4.17,4.53,4.11,4.44,51206187.0,224112416.4
stock_cn,stock_cn_kline,sz300217,1d,2026-07-13T15:00:00+08:00,,4.4,4.42,4.15,4.17,37604053.0,159574346.34
stock_cn,stock_cn_kline,sz300217,1d,2026-07-14T15:00:00+08:00,,4.15,4.26,4.1,4.24,21181953.0,88546221.89
stock_cn,stock_cn_kline,sz300217,1d,2026-07-15T15:00:00+08:00,,4.25,4.41,4.22,4.34,27745913.0,120054734.77
stock_cn,stock_cn_kline,sz300217,1d,2026-07-16T15:00:00+08:00,,4.29,4.43,4.26,4.3,26388571.0,114565351.88
stock_cn,stock_cn_kline,sz300267,1d,2026-07-02T15:00:00+08:00,,3.45,3.61,3.43,3.45,47428640.0,166617402.0
stock_cn,stock_cn_kline,sz300267,1d,2026-07-03T15:00:00+08:00,,3.48,3.53,3.36,3.44,39054564.0,134195268.63
stock_cn,stock_cn_kline,sz300267,1d,2026-07-06T15:00:00+08:00,,3.47,3.59,3.46,3.47,42807505.0,150424737.5
stock_cn,stock_cn_kline,sz300267,1d,2026-07-07T15:00:00+08:00,,3.45,3.45,3.32,3.34,32153900.0,108088729.0
stock_cn,stock_cn_kline,sz300267,1d,2026-07-08T15:00:00+08:00,,3.35,3.37,3.22,3.22,32815232.0,107741780.28
stock_cn,stock_cn_kline,sz300267,1d,2026-07-09T15:00:00+08:00,,3.2,3.27,3.13,3.17,30727337.0,97891713.23
stock_cn,stock_cn_kline,sz300267,1d,2026-07-10T15:00:00+08:00,,3.16,3.34,3.11,3.29,42464538.0,138765960.56
stock_cn,stock_cn_kline,sz300267,1d,2026-07-13T15:00:00+08:00,,3.28,3.32,3.14,3.15,35126513.0,112505291.42
stock_cn,stock_cn_kline,sz300267,1d,2026-07-14T15:00:00+08:00,,3.15,3.34,3.11,3.33,44648316.0,145089011.53
stock_cn,stock_cn_kline,sz300267,1d,2026-07-15T15:00:00+08:00,,3.3,3.46,3.26,3.35,53574803.0,181163184.34
stock_cn,stock_cn_kline,sz300267,1d,2026-07-16T15:00:00+08:00,,3.34,3.42,3.27,3.41,42653821.0,143917076.7
stock_cn,stock_cn_kline,sz300322,1d,2026-07-02T15:00:00+08:00,,24.45,24.88,23.5,23.58,31345110.0,756793930.1
stock_cn,stock_cn_kline,sz300322,1d,2026-07-03T15:00:00+08:00,,23.58,24.09,23.15,23.68,23987244.0,567200694.56
stock_cn,stock_cn_kline,sz300322,1d,2026-07-06T15:00:00+08:00,,23.94,25.2,23.31,23.43,36541121.0,880823593.35
stock_cn,stock_cn_kline,sz300322,1d,2026-07-07T15:00:00+08:00,,23.4,23.4,21.8,21.99,28590910.0,641526100.82
stock_cn,stock_cn_kline,sz300322,1d,2026-07-08T15:00:00+08:00,,22.13,22.29,21.37,21.71,20189673.0,440136932.28
stock_cn,stock_cn_kline,sz300322,1d,2026-07-09T15:00:00+08:00,,21.63,22.15,20.69,22.08,22454943.0,481485804.23
stock_cn,stock_cn_kline,sz300322,1d,2026-07-10T15:00:00+08:00,,22.0,23.18,21.7,22.22,28304555.0,638000723.71
stock_cn,stock_cn_kline,sz300322,1d,2026-07-13T15:00:00+08:00,,21.93,22.22,19.82,19.85,26421350.0,545747989.02
stock_cn,stock_cn_kline,sz300322,1d,2026-07-14T15:00:00+08:00,,19.86,20.59,19.14,20.49,21820228.0,435473555.89
stock_cn,stock_cn_kline,sz300322,1d,2026-07-15T15:00:00+08:00,,20.54,20.78,19.8,19.94,18114082.0,366089322.31
stock_cn,stock_cn_kline,sz300322,1d,2026-07-16T15:00:00+08:00,,19.7,20.19,18.5,19.16,21896748.0,424380429.9
stock_cn,stock_cn_kline,sz300382,1d,2026-07-02T15:00:00+08:00,,22.2,23.29,22.15,22.64,35684679.0,809500211.17
stock_cn,stock_cn_kline,sz300382,1d,2026-07-03T15:00:00+08:00,,22.6,23.31,21.51,22.5,30831473.0,690694164.23
stock_cn,stock_cn_kline,sz300382,1d,2026-07-06T15:00:00+08:00,,22.56,23.54,22.4,22.6,37175683.0,852139522.58
stock_cn,stock_cn_kline,sz300382,1d,2026-07-07T15:00:00+08:00,,22.41,23.38,21.92,22.18,26495811.0,599314079.15
stock_cn,stock_cn_kline,sz300382,1d,2026-07-08T15:00:00+08:00,,22.16,22.37,19.87,20.93,46554287.0,970877324.57
stock_cn,stock_cn_kline,sz300382,1d,2026-07-09T15:00:00+08:00,,21.17,21.87,20.11,21.77,27303533.0,574496252.24
stock_cn,stock_cn_kline,sz300382,1d,2026-07-10T15:00:00+08:00,,21.89,22.03,19.92,19.92,35411955.0,745433008.45
stock_cn,stock_cn_kline,sz300382,1d,2026-07-13T15:00:00+08:00,,19.61,19.67,17.85,17.94,45778892.0,856253546.2
stock_cn,stock_cn_kline,sz300382,1d,2026-07-14T15:00:00+08:00,,17.98,19.94,17.8,19.3,40967189.0,769820089.82
stock_cn,stock_cn_kline,sz300382,1d,2026-07-15T15:00:00+08:00,,19.18,20.0,17.69,17.83,31118092.0,576212717.04
stock_cn,stock_cn_kline,sz300382,1d,2026-07-16T15:00:00+08:00,,17.6,18.6,16.98,17.08,29418810.0,521180487.14
stock_cn,stock_cn_kline,sz300434,1d,2026-07-02T15:00:00+08:00,,11.5,11.75,11.2,11.27,34527093.0,393761934.21
stock_cn,stock_cn_kline,sz300434,1d,2026-07-03T15:00:00+08:00,,11.4,11.65,11.09,11.41,25330242.0,287614259.68
stock_cn,stock_cn_kline,sz300434,1d,2026-07-06T15:00:00+08:00,,11.24,12.46,11.13,11.57,43050525.0,504566721.75
stock_cn,stock_cn_kline,sz300434,1d,2026-07-07T15:00:00+08:00,,11.46,11.69,11.25,11.27,24651860.0,280721710.49
stock_cn,stock_cn_kline,sz300434,1d,2026-07-08T15:00:00+08:00,,11.21,11.56,11.01,11.23,24337220.0,274165231.8
stock_cn,stock_cn_kline,sz300434,1d,2026-07-09T15:00:00+08:00,,11.13,11.71,10.95,11.48,23346220.0,265516293.2
stock_cn,stock_cn_kline,sz300434,1d,2026-07-10T15:00:00+08:00,,11.4,12.26,11.18,11.96,41789230.0,490024287.34
stock_cn,stock_cn_kline,sz300434,1d,2026-07-13T15:00:00+08:00,,11.7,12.19,11.36,11.94,40998500.0,483007314.2
stock_cn,stock_cn_kline,sz300434,1d,2026-07-14T15:00:00+08:00,,11.95,12.09,11.1,11.85,37223358.0,436496145.98
stock_cn,stock_cn_kline,sz300434,1d,2026-07-15T15:00:00+08:00,,11.4,13.21,11.3,12.44,62154018.0,761189150.8
stock_cn,stock_cn_kline,sz300434,1d,2026-07-16T15:00:00+08:00,,12.09,12.29,11.47,11.81,44822171.0,533134265.33
stock_cn,stock_cn_kline,sz300536,1d,2026-07-02T15:00:00+08:00,,8.7,8.99,8.61,8.85,10143600.0,89746025.0
stock_cn,stock_cn_kline,sz300536,1d,2026-07-03T15:00:00+08:00,,8.99,10.52,8.9,9.33,37926500.0,370567194.84
stock_cn,stock_cn_kline,sz300536,1d,2026-07-06T15:00:00+08:00,,9.2,10.36,9.19,10.05,44752463.0,443598165.99
stock_cn,stock_cn_kline,sz300536,1d,2026-07-07T15:00:00+08:00,,10.11,10.48,9.38,9.67,30130400.0,294808659.32
stock_cn,stock_cn_kline,sz300536,1d,2026-07-08T15:00:00+08:00,,9.83,9.87,9.15,9.26,18320588.0,170959871.0
stock_cn,stock_cn_kline,sz300536,1d,2026-07-09T15:00:00+08:00,,9.23,9.24,8.79,9.11,15225100.0,137146268.0
stock_cn,stock_cn_kline,sz300536,1d,2026-07-10T15:00:00+08:00,,9.16,9.37,8.96,8.97,11850000.0,108428048.0
stock_cn,stock_cn_kline,sz300536,1d,2026-07-13T15:00:00+08:00,,8.88,8.92,8.12,8.16,12560800.0,106208461.25
stock_cn,stock_cn_kline,sz300536,1d,2026-07-14T15:00:00+08:00,,8.25,8.44,8.04,8.37,11059893.0,91595194.39
stock_cn,stock_cn_kline,sz300536,1d,2026-07-15T15:00:00+08:00,,8.3,8.65,8.17,8.3,9834600.0,82500544.0
stock_cn,stock_cn_kline,sz300536,1d,2026-07-16T15:00:00+08:00,,8.2,8.84,8.19,8.6,11825393.0,101693259.82
stock_cn,stock_cn_kline,sz300588,1d,2026-07-02T15:00:00+08:00,,22.41,22.56,21.71,21.77,4067060.0,89898983.94
stock_cn,stock_cn_kline,sz300588,1d,2026-07-03T15:00:00+08:00,,22.0,22.8,21.22,21.24,4111600.0,89746442.0
stock_cn,stock_cn_kline,sz300588,1d,2026-07-06T15:00:00+08:00,,21.69,21.78,20.07,20.7,4212400.0,87262454.0
stock_cn,stock_cn_kline,sz300588,1d,2026-07-07T15:00:00+08:00,,20.81,21.93,20.32,21.93,5306685.0,112600435.15
stock_cn,stock_cn_kline,sz300588,1d,2026-07-08T15:00:00+08:00,,23.39,26.32,23.39,25.7,23537316.0,590747099.54
stock_cn,stock_cn_kline,sz300588,1d,2026-07-09T15:00:00+08:00,,24.0,24.29,22.11,23.09,17051676.0,390135458.74
stock_cn,stock_cn_kline,sz300588,1d,2026-07-10T15:00:00+08:00,,22.4,24.88,21.91,24.8,14948471.0,355227388.65
stock_cn,stock_cn_kline,sz300588,1d,2026-07-13T15:00:00+08:00,,24.56,25.29,23.73,24.1,12087920.0,297994941.2
stock_cn,stock_cn_kline,sz300588,1d,2026-07-14T15:00:00+08:00,,23.82,24.11,22.1,22.28,10059120.0,228605580.92
stock_cn,stock_cn_kline,sz300588,1d,2026-07-15T15:00:00+08:00,,22.48,22.7,21.57,21.85,6656600.0,146364965.0
stock_cn,stock_cn_kline,sz300588,1d,2026-07-16T15:00:00+08:00,,21.86,23.07,21.5,23.06,6965775.0,154863552.05
stock_cn,stock_cn_kline,sz300638,1d,2026-07-02T15:00:00+08:00,,18.48,18.82,18.06,18.06,17582430.0,323734441.64
stock_cn,stock_cn_kline,sz300638,1d,2026-07-03T15:00:00+08:00,,18.19,18.77,18.0,18.5,14879590.0,274921274.37
stock_cn,stock_cn_kline,sz300638,1d,2026-07-06T15:00:00+08:00,,18.46,18.75,17.65,17.67,16478647.0,298266551.05
stock_cn,stock_cn_kline,sz300638,1d,2026-07-07T15:00:00+08:00,,17.5,18.06,17.06,17.22,13641986.0,238891548.31
stock_cn,stock_cn_kline,sz300638,1d,2026-07-08T15:00:00+08:00,,17.2,17.53,17.05,17.3,10688937.0,185019459.81
stock_cn,stock_cn_kline,sz300638,1d,2026-07-09T15:00:00+08:00,,17.25,17.73,16.93,17.7,15818308.0,273991847.57
stock_cn,stock_cn_kline,sz300638,1d,2026-07-10T15:00:00+08:00,,17.69,19.16,17.31,18.11,23204389.0,426001620.59
stock_cn,stock_cn_kline,sz300638,1d,2026-07-13T15:00:00+08:00,,18.11,18.49,17.41,17.44,15634419.0,280296084.38
stock_cn,stock_cn_kline,sz300638,1d,2026-07-14T15:00:00+08:00,,17.29,17.58,16.66,17.43,15981449.0,273223698.19
stock_cn,stock_cn_kline,sz300638,1d,2026-07-15T15:00:00+08:00,,17.4,18.54,17.25,18.18,20353529.0,368374842.37
stock_cn,stock_cn_kline,sz300638,1d,2026-07-16T15:00:00+08:00,,18.52,21.82,18.3,20.68,56700288.0,1153603819.49
stock_cn,stock_cn_kline,sz300688,1d,2026-07-02T15:00:00+08:00,,27.11,27.69,26.24,26.31,6800638.0,183223172.6
stock_cn,stock_cn_kline,sz300688,1d,2026-07-03T15:00:00+08:00,,26.3,26.88,26.18,26.59,5037600.0,133508615.0
stock_cn,stock_cn_kline,sz300688,1d,2026-07-06T15:00:00+08:00,,26.6,27.11,25.18,25.24,5978550.0,155773477.22
stock_cn,stock_cn_kline,sz300688,1d,2026-07-07T15:00:00+08:00,,24.98,26.47,24.95,25.23,5947954.0,153588269.36
stock_cn,stock_cn_kline,sz300688,1d,2026-07-08T15:00:00+08:00,,25.35,25.69,24.95,25.05,4157300.0,104857531.5
stock_cn,stock_cn_kline,sz300688,1d,2026-07-09T15:00:00+08:00,,25.25,26.52,24.61,26.24,6712418.0,173315981.56
stock_cn,stock_cn_kline,sz300688,1d,2026-07-10T15:00:00+08:00,,26.05,27.5,25.36,26.26,6533100.0,173008354.0
stock_cn,stock_cn_kline,sz300688,1d,2026-07-13T15:00:00+08:00,,26.04,26.37,24.86,25.11,4818050.0,122492534.0
stock_cn,stock_cn_kline,sz300688,1d,2026-07-14T15:00:00+08:00,,25.19,25.85,24.24,25.84,4542800.0,114238635.0
stock_cn,stock_cn_kline,sz300688,1d,2026-07-15T15:00:00+08:00,,25.6,26.89,25.59,25.95,4499000.0,117981182.0
stock_cn,stock_cn_kline,sz300688,1d,2026-07-16T15:00:00+08:00,,25.9,27.0,25.61,26.13,4498399.0,118681731.87
stock_cn,stock_cn_kline,sz300741,1d,2026-07-02T15:00:00+08:00,,12.88,13.22,12.85,13.05,2050900.0,26861607.19
stock_cn,stock_cn_kline,sz300741,1d,2026-07-03T15:00:00+08:00,,13.0,13.98,13.0,13.54,4568100.0,62119970.55
stock_cn,stock_cn_kline,sz300741,1d,2026-07-06T15:00:00+08:00,,13.25,13.58,13.25,13.31,2923400.0,39109800.0
stock_cn,stock_cn_kline,sz300741,1d,2026-07-07T15:00:00+08:00,,13.21,13.35,12.96,12.97,1686840.0,21995162.0
stock_cn,stock_cn_kline,sz300741,1d,2026-07-08T15:00:00+08:00,,12.94,13.08,12.76,12.83,1748700.0,22539913.46
stock_cn,stock_cn_kline,sz300741,1d,2026-07-09T15:00:00+08:00,,12.74,12.88,12.47,12.61,2286996.0,28881818.84
stock_cn,stock_cn_kline,sz300741,1d,2026-07-10T15:00:00+08:00,,12.56,12.94,12.39,12.78,2410000.0,30654541.0
stock_cn,stock_cn_kline,sz300741,1d,2026-07-13T15:00:00+08:00,,12.71,12.92,12.48,12.53,1960146.0,24661208.17
stock_cn,stock_cn_kline,sz300741,1d,2026-07-14T15:00:00+08:00,,12.58,12.72,12.42,12.57,2209900.0,27792308.0
stock_cn,stock_cn_kline,sz300741,1d,2026-07-15T15:00:00+08:00,,12.5,12.88,12.47,12.72,2679300.0,34055200.0
stock_cn,stock_cn_kline,sz300741,1d,2026-07-16T15:00:00+08:00,,12.62,12.87,12.5,12.73,3420875.0,43519908.85
stock_cn,stock_cn_kline,sz300750,1d,2026-07-02T15:00:00+08:00,,387.68,390.99,380.39,382.35,34075435.0,13139767259.36
stock_cn,stock_cn_kline,sz300750,1d,2026-07-03T15:00:00+08:00,,381.96,387.95,379.0,380.0,25884940.0,9910832542.24
stock_cn,stock_cn_kline,sz300750,1d,2026-07-06T15:00:00+08:00,,379.23,381.89,374.05,374.51,21648005.0,8167456241.12
stock_cn,stock_cn_kline,sz300750,1d,2026-07-07T15:00:00+08:00,,376.0,378.88,370.76,372.49,20848582.0,7796643168.18
stock_cn,stock_cn_kline,sz300750,1d,2026-07-08T15:00:00+08:00,,374.0,376.68,361.0,361.0,27051874.0,9902742689.32
stock_cn,stock_cn_kline,sz300750,1d,2026-07-09T15:00:00+08:00,,361.0,376.66,360.07,375.5,37794162.0,13905775669.81
stock_cn,stock_cn_kline,sz300750,1d,2026-07-10T15:00:00+08:00,,375.0,375.2,346.16,348.76,55601355.0,19867664607.17
stock_cn,stock_cn_kline,sz300750,1d,2026-07-13T15:00:00+08:00,,349.0,362.0,348.0,359.06,46290681.0,16540015163.16
stock_cn,stock_cn_kline,sz300750,1d,2026-07-14T15:00:00+08:00,,352.6,364.63,352.49,364.01,43631637.0,15701875681.92
stock_cn,stock_cn_kline,sz300750,1d,2026-07-15T15:00:00+08:00,,368.01,379.99,363.08,373.0,35849258.0,13440215220.78
stock_cn,stock_cn_kline,sz300750,1d,2026-07-16T15:00:00+08:00,,369.48,375.02,364.5,366.2,25186882.0,9290699880.4
stock_cn,stock_cn_kline,sz300795,1d,2026-07-02T15:00:00+08:00,,8.65,8.9,8.64,8.66,3720244.0,32511301.62
stock_cn,stock_cn_kline,sz300795,1d,2026-07-03T15:00:00+08:00,,8.77,8.9,8.67,8.81,3201122.0,28199528.86
stock_cn,stock_cn_kline,sz300795,1d,2026-07-06T15:00:00+08:00,,8.82,8.97,8.71,8.79,3706890.0,32608431.0
stock_cn,stock_cn_kline,sz300795,1d,2026-07-07T15:00:00+08:00,,8.81,8.82,8.29,8.3,3930860.0,33275629.3
stock_cn,stock_cn_kline,sz300795,1d,2026-07-08T15:00:00+08:00,,8.36,8.44,8.2,8.37,4052378.0,33778214.09
stock_cn,stock_cn_kline,sz300795,1d,2026-07-09T15:00:00+08:00,,8.33,8.43,8.12,8.33,3047885.0,25215099.7
stock_cn,stock_cn_kline,sz300795,1d,2026-07-10T15:00:00+08:00,,8.32,8.61,8.16,8.42,3922340.0,33223597.85
stock_cn,stock_cn_kline,sz300795,1d,2026-07-13T15:00:00+08:00,,8.3,8.44,7.99,8.03,5153890.0,41861457.9
stock_cn,stock_cn_kline,sz300795,1d,2026-07-14T15:00:00+08:00,,8.02,8.23,7.93,8.19,3442700.0,27893627.0
stock_cn,stock_cn_kline,sz300795,1d,2026-07-15T15:00:00+08:00,,8.19,8.41,8.18,8.39,3256100.0,27130810.0
stock_cn,stock_cn_kline,sz300795,1d,2026-07-16T15:00:00+08:00,,8.39,8.81,8.27,8.73,4619030.0,39776640.1
stock_cn,stock_cn_kline,sz300845,1d,2026-07-02T15:00:00+08:00,,12.7,13.6,12.51,12.7,7100020.0,92686830.68
stock_cn,stock_cn_kline,sz300845,1d,2026-07-03T15:00:00+08:00,,12.84,13.1,12.48,12.8,5768610.0,73876984.94
stock_cn,stock_cn_kline,sz300845,1d,2026-07-06T15:00:00+08:00,,12.8,13.43,12.41,13.03,10964602.0,142730101.58
stock_cn,stock_cn_kline,sz300845,1d,2026-07-07T15:00:00+08:00,,13.0,13.28,11.93,12.0,7918401.0,98271766.63
stock_cn,stock_cn_kline,sz300845,1d,2026-07-08T15:00:00+08:00,,12.0,12.17,11.43,11.52,5214478.0,60846592.51
stock_cn,stock_cn_kline,sz300845,1d,2026-07-09T15:00:00+08:00,,11.64,13.38,11.63,12.97,18018558.0,229301986.42
stock_cn,stock_cn_kline,sz300845,1d,2026-07-10T15:00:00+08:00,,12.59,13.1,11.95,11.95,13089885.0,162130119.9
stock_cn,stock_cn_kline,sz300845,1d,2026-07-13T15:00:00+08:00,,11.81,12.1,11.03,11.04,11757252.0,133819163.46
stock_cn,stock_cn_kline,sz300845,1d,2026-07-14T15:00:00+08:00,,11.04,11.52,10.76,11.5,7960549.0,88405526.06
stock_cn,stock_cn_kline,sz300845,1d,2026-07-15T15:00:00+08:00,,11.31,12.16,11.31,11.9,7421518.0,88189119.07
stock_cn,stock_cn_kline,sz300845,1d,2026-07-16T15:00:00+08:00,,11.91,12.15,11.6,11.77,4892675.0,58002873.44
stock_cn,stock_cn_kline,sz300895,1d,2026-07-02T15:00:00+08:00,,53.16,53.87,51.43,51.58,5084711.0,267622675.62
stock_cn,stock_cn_kline,sz300895,1d,2026-07-03T15:00:00+08:00,,51.23,52.5,50.8,50.85,3675932.0,188521556.53
stock_cn,stock_cn_kline,sz300895,1d,2026-07-06T15:00:00+08:00,,51.02,51.5,49.11,49.77,3536236.0,176658893.78
stock_cn,stock_cn_kline,sz300895,1d,2026-07-07T15:00:00+08:00,,49.46,49.8,47.33,47.54,3106244.0,149792677.16
stock_cn,stock_cn_kline,sz300895,1d,2026-07-08T15:00:00+08:00,,47.55,49.88,47.1,48.98,5946056.0,290008832.89
stock_cn,stock_cn_kline,sz300895,1d,2026-07-09T15:00:00+08:00,,48.28,49.82,46.88,49.13,5532860.0,268130831.96
stock_cn,stock_cn_kline,sz300895,1d,2026-07-10T15:00:00+08:00,,48.91,53.76,47.99,52.2,9042012.0,467609389.15
stock_cn,stock_cn_kline,sz300895,1d,2026-07-13T15:00:00+08:00,,51.8,53.9,50.58,50.81,5928513.0,310129487.6
stock_cn,stock_cn_kline,sz300895,1d,2026-07-14T15:00:00+08:00,,50.86,51.56,46.51,48.88,6896688.0,332915436.62
stock_cn,stock_cn_kline,sz300895,1d,2026-07-15T15:00:00+08:00,,49.01,50.22,48.03,48.48,3914492.0,192081600.12
stock_cn,stock_cn_kline,sz300895,1d,2026-07-16T15:00:00+08:00,,48.14,49.87,47.38,48.85,4557117.0,222609583.65
stock_cn,stock_cn_kline,sz300948,1d,2026-07-02T15:00:00+08:00,,25.06,27.92,25.06,27.04,9285900.0,249815051.17
stock_cn,stock_cn_kline,sz300948,1d,2026-07-03T15:00:00+08:00,,27.48,27.97,26.0,26.29,8691035.0,231156973.59
stock_cn,stock_cn_kline,sz300948,1d,2026-07-06T15:00:00+08:00,,26.38,26.58,24.24,24.44,5618670.0,140651925.14
stock_cn,stock_cn_kline,sz300948,1d,2026-07-07T15:00:00+08:00,,24.4,24.69,23.71,24.35,4194522.0,101081934.71
stock_cn,stock_cn_kline,sz300948,1d,2026-07-08T15:00:00+08:00,,24.22,24.34,23.32,23.76,3644703.0,86785025.11
stock_cn,stock_cn_kline,sz300948,1d,2026-07-09T15:00:00+08:00,,23.62,24.3,21.9,24.1,6939192.0,160009554.06
stock_cn,stock_cn_kline,sz300948,1d,2026-07-10T15:00:00+08:00,,24.49,24.49,23.2,23.3,4695769.0,111570270.94
stock_cn,stock_cn_kline,sz300948,1d,2026-07-13T15:00:00+08:00,,23.35,23.5,22.62,23.0,4656395.0,107226340.95
stock_cn,stock_cn_kline,sz300948,1d,2026-07-14T15:00:00+08:00,,23.0,23.05,21.83,23.05,3957613.0,89164346.25
stock_cn,stock_cn_kline,sz300948,1d,2026-07-15T15:00:00+08:00,,22.77,23.12,21.8,22.18,4455501.0,98814614.05
stock_cn,stock_cn_kline,sz300948,1d,2026-07-16T15:00:00+08:00,,21.92,22.41,21.4,21.64,3564882.0,77589095.0
stock_cn,stock_cn_kline,sz300999,1d,2026-07-02T15:00:00+08:00,,24.2,24.58,23.94,24.05,10316453.0,249085765.99
stock_cn,stock_cn_kline,sz300999,1d,2026-07-03T15:00:00+08:00,,24.12,24.58,24.05,24.36,9989339.0,243423970.53
stock_cn,stock_cn_kline,sz300999,1d,2026-07-06T15:00:00+08:00,,24.36,24.88,24.21,24.81,10048768.0,248158842.74
stock_cn,stock_cn_kline,sz300999,1d,2026-07-07T15:00:00+08:00,,24.71,24.75,24.22,24.31,6852991.0,167242677.85
stock_cn,stock_cn_kline,sz300999,1d,2026-07-08T15:00:00+08:00,,24.23,24.62,24.15,24.27,5961169.0,145156206.64
stock_cn,stock_cn_kline,sz300999,1d,2026-07-09T15:00:00+08:00,,24.1,24.4,23.95,24.12,6950844.0,167705066.53
stock_cn,stock_cn_kline,sz300999,1d,2026-07-10T15:00:00+08:00,,24.15,24.7,23.77,24.41,10858243.0,264925689.53
stock_cn,stock_cn_kline,sz300999,1d,2026-07-13T15:00:00+08:00,,24.25,24.57,24.1,24.37,9633002.0,234578197.68
stock_cn,stock_cn_kline,sz300999,1d,2026-07-14T15:00:00+08:00,,24.26,24.77,24.23,24.7,10800283.0,265706670.76
stock_cn,stock_cn_kline,sz300999,1d,2026-07-15T15:00:00+08:00,,24.5,25.43,24.42,25.29,12590996.0,316771059.52
stock_cn,stock_cn_kline,sz300999,1d,2026-07-16T15:00:00+08:00,,25.26,25.69,25.15,25.52,12855146.0,327033244.62
